round,client_id,device_type,epoch,epoch_time_seconds,cumulative_epoch_time_seconds,train_loss,train_accuracy,learning_rate
1,1,pc,1,2.5754,2.5754,1.193,0.8086,0.001
1,1,pc,2,0.9687,3.5441,0.6499,0.8518,0.001
1,1,pc,3,0.8489,4.393,0.5184,0.8518,0.001
1,1,pc,4,0.8633,5.2563,0.4588,0.8518,0.001
1,1,pc,5,0.8682,6.1245,0.4239,0.8555,0.001
1,6,pc,1,3.0589,3.0589,1.4733,0.5187,0.001
1,6,pc,2,1.6846,4.7435,1.1493,0.6559,0.001
1,6,pc,3,1.6244,6.3679,1.0403,0.6811,0.001
1,6,pc,4,1.2772,7.6451,0.9406,0.7376,0.001
1,6,pc,5,0.9644,8.6095,0.8803,0.7346,0.001
1,8,pc,1,2.9857,2.9857,1.2106,0.7883,0.001
1,8,pc,2,1.4479,4.4336,0.7373,0.8416,0.001
1,8,pc,3,1.2338,5.6674,0.5932,0.8657,0.001
1,8,pc,4,1.1206,6.788,0.5049,0.8897,0.001
1,8,pc,5,1.0239,7.8119,0.458,0.8999,0.001
1,4,pc,1,3.1709,3.1709,1.3169,0.6983,0.001
1,4,pc,2,1.1556,4.3265,0.7105,0.864,0.001
1,4,pc,3,1.2431,5.5696,0.6068,0.8654,0.001
1,4,pc,4,1.0667,6.6363,0.5514,0.8754,0.001
1,4,pc,5,0.9891,7.6254,0.5224,0.8697,0.001
1,5,pc,1,4.4295,4.4295,1.2667,0.6416,0.001
1,5,pc,2,2.5844,7.0139,0.9363,0.6759,0.001
1,5,pc,3,1.7251,8.739,0.8022,0.6996,0.001
1,5,pc,4,1.3261,10.0651,0.6978,0.7363,0.001
1,5,pc,5,1.1451,11.2102,0.6325,0.7836,0.001
1,3,pc,1,7.1147,7.1147,1.1442,0.695,0.001
1,3,pc,2,3.0646,10.1793,0.7881,0.798,0.001
1,3,pc,3,1.9693,12.1486,0.6746,0.8162,0.001
1,3,pc,4,1.3582,13.5068,0.6012,0.8341,0.001
1,3,pc,5,1.3685,14.8753,0.5519,0.8433,0.001
1,7,pc,1,2.6391,2.6391,1.5101,0.7206,0.001
1,7,pc,2,0.7085,3.3476,0.9672,0.8684,0.001
1,7,pc,3,0.6551,4.0027,0.7575,0.8868,0.001
1,7,pc,4,0.7527,4.7554,0.6467,0.903,0.001
1,7,pc,5,0.7686,5.524,0.579,0.8984,0.001
1,0,pc,1,3.4761,3.4761,1.0914,0.7987,0.001
1,0,pc,2,2.0525,5.5286,0.6136,0.9022,0.001
1,0,pc,3,1.7494,7.278,0.4666,0.9256,0.001
1,0,pc,4,1.3951,8.6731,0.3967,0.9383,0.001
1,0,pc,5,1.134,9.8071,0.34,0.9419,0.001
1,2,pc,1,1.8612,1.8612,1.8339,0.4309,0.001
1,2,pc,2,0.2506,2.1118,1.5518,0.6341,0.001
1,2,pc,3,0.1885,2.3003,1.3994,0.561,0.001
1,2,pc,4,0.256,2.5563,1.2824,0.5447,0.001
1,2,pc,5,0.2199,2.7762,1.2056,0.561,0.001
1,9,pc,1,5.2648,5.2648,0.9862,0.7803,0.001
1,9,pc,2,2.6598,7.9246,0.5558,0.8878,0.001
1,9,pc,3,1.6452,9.5698,0.4515,0.9003,0.001
1,9,pc,4,1.381,10.9508,0.4099,0.9106,0.001
1,9,pc,5,1.0536,12.0044,0.3791,0.9143,0.001
2,6,pc,1,1.8656,1.8656,1.0029,0.6963,0.001
2,6,pc,2,1.6997,3.5653,0.7932,0.7709,0.001
2,6,pc,3,1.7989,5.3642,0.7083,0.7871,0.001
2,6,pc,4,1.2657,6.6299,0.6628,0.8063,0.001
2,6,pc,5,1.7482,8.3781,0.6154,0.8133,0.001
2,9,pc,1,3.5999,3.5999,0.5397,0.8919,0.001
2,9,pc,2,2.9255,6.5254,0.3849,0.9143,0.001
2,9,pc,3,2.7211,9.2465,0.3534,0.9122,0.001
2,9,pc,4,1.4899,10.7364,0.3297,0.9122,0.001
2,9,pc,5,1.3832,12.1196,0.32,0.9184,0.001
2,5,pc,1,3.2071,3.2071,1.047,0.6292,0.001
2,5,pc,2,2.6305,5.8376,0.7241,0.7345,0.001
2,5,pc,3,2.6901,8.5277,0.6306,0.7765,0.001
2,5,pc,4,1.5302,10.0579,0.5899,0.8072,0.001
2,5,pc,5,1.1907,11.2486,0.5338,0.8321,0.001
2,2,pc,1,0.2371,0.2371,1.8684,0.2683,0.001
2,2,pc,2,0.2519,0.489,1.5026,0.374,0.001
2,2,pc,3,0.3221,0.8111,1.2591,0.6179,0.001
2,2,pc,4,0.2486,1.0597,1.106,0.7073,0.001
2,2,pc,5,0.2849,1.3446,1.0103,0.748,0.001
2,0,pc,1,2.6886,2.6886,0.629,0.8937,0.001
2,0,pc,2,2.6436,5.3322,0.3365,0.9546,0.001
2,0,pc,3,2.2642,7.5964,0.2764,0.9561,0.001
2,0,pc,4,1.61,9.2064,0.2736,0.9518,0.001
2,0,pc,5,1.1467,10.3531,0.2587,0.9546,0.001
2,3,pc,1,5.8376,5.8376,0.7485,0.7983,0.001
2,3,pc,2,4.0733,9.9109,0.5937,0.8353,0.001
2,3,pc,3,2.3796,12.2905,0.5493,0.8418,0.001
2,3,pc,4,1.6913,13.9818,0.5107,0.8528,0.001
2,3,pc,5,1.8246,15.8064,0.4714,0.8591,0.001
2,7,pc,1,0.6275,0.6275,1.4655,0.6236,0.001
2,7,pc,2,0.7442,1.3717,0.7223,0.9007,0.001
2,7,pc,3,0.612,1.9837,0.5264,0.9076,0.001
2,7,pc,4,0.6287,2.6124,0.4657,0.903,0.001
2,7,pc,5,0.6078,3.2202,0.4296,0.9053,0.001
2,8,pc,1,1.6667,1.6667,0.8385,0.8302,0.001
2,8,pc,2,1.3793,3.046,0.4327,0.9087,0.001
2,8,pc,3,1.49,4.536,0.3608,0.9252,0.001
2,8,pc,4,1.2343,5.7703,0.3167,0.9366,0.001
2,8,pc,5,1.037,6.8073,0.2933,0.9265,0.001
2,1,pc,1,1.139,1.139,1.6506,0.5216,0.001
2,1,pc,2,0.9897,2.1287,0.5347,0.8537,0.001
2,1,pc,3,0.9848,3.1135,0.3724,0.863,0.001
2,1,pc,4,0.9178,4.0313,0.3217,0.8818,0.001
2,1,pc,5,0.9983,5.0296,0.2904,0.9156,0.001
2,4,pc,1,1.6256,1.6256,0.7159,0.8442,0.001
2,4,pc,2,1.2451,2.8707,0.4567,0.8782,0.001
2,4,pc,3,1.3279,4.1986,0.4261,0.8924,0.001
2,4,pc,4,1.2003,5.3989,0.412,0.8839,0.001
2,4,pc,5,0.9027,6.3016,0.3707,0.8952,0.001
3,2,pc,1,0.1826,0.1826,1.7787,0.3089,0.001
3,2,pc,2,0.2459,0.4285,1.3587,0.4146,0.001
3,2,pc,3,0.2924,0.7209,1.1031,0.6504,0.001
3,2,pc,4,0.1821,0.903,0.9642,0.7398,0.001
3,2,pc,5,0.2097,1.1127,0.8654,0.7724,0.001
3,8,pc,1,1.4093,1.4093,0.5902,0.8961,0.001
3,8,pc,2,1.2481,2.6574,0.2913,0.9392,0.001
3,8,pc,3,1.2417,3.8991,0.2412,0.948,0.001
3,8,pc,4,1.1092,5.0083,0.2066,0.9531,0.001
3,8,pc,5,0.935,5.9433,0.1879,0.9531,0.001
3,7,pc,1,0.8017,0.8017,1.1788,0.6767,0.001
3,7,pc,2,0.6688,1.4705,0.5309,0.9076,0.001
3,7,pc,3,0.755,2.2255,0.4197,0.903,0.001
3,7,pc,4,0.6361,2.8616,0.3794,0.9053,0.001
3,7,pc,5,0.7013,3.5629,0.3467,0.9099,0.001
3,1,pc,1,1.0058,1.0058,1.5579,0.5478,0.001
3,1,pc,2,0.9468,1.9526,0.4031,0.8856,0.001
3,1,pc,3,0.8954,2.848,0.273,0.9062,0.001
3,1,pc,4,0.8288,3.6768,0.2559,0.9306,0.001
3,1,pc,5,0.7865,4.4633,0.2355,0.9362,0.001
3,0,pc,1,2.2832,2.2832,0.4034,0.9305,0.001
3,0,pc,2,2.1807,4.4639,0.2379,0.9568,0.001
3,0,pc,3,1.6714,6.1353,0.2089,0.9624,0.001
3,0,pc,4,1.2769,7.4122,0.1958,0.9639,0.001
3,0,pc,5,1.1382,8.5504,0.1716,0.9717,0.001
3,9,pc,1,3.2284,3.2284,0.4205,0.9106,0.001
3,9,pc,2,2.6201,5.8485,0.3088,0.9236,0.001
3,9,pc,3,1.7791,7.6276,0.2849,0.9252,0.001
3,9,pc,4,1.4458,9.0734,0.2627,0.9371,0.001
3,9,pc,5,1.5648,10.6382,0.2482,0.9397,0.001
3,4,pc,1,1.2243,1.2243,0.5328,0.8824,0.001
3,4,pc,2,1.1095,2.3338,0.3796,0.9008,0.001
3,4,pc,3,1.1306,3.4644,0.3258,0.9193,0.001
3,4,pc,4,1.1415,4.6059,0.313,0.915,0.001
3,4,pc,5,0.8633,5.4692,0.2877,0.9292,0.001
3,3,pc,1,5.2437,5.2437,0.6179,0.8231,0.001
3,3,pc,2,3.107,8.3507,0.5158,0.8463,0.001
3,3,pc,3,2.4823,10.833,0.4807,0.8597,0.001
3,3,pc,4,1.3136,12.1466,0.4461,0.8636,0.001
3,3,pc,5,1.3541,13.5007,0.4314,0.8701,0.001
3,5,pc,1,2.84,2.84,0.8893,0.6789,0.001
3,5,pc,2,2.3986,5.2386,0.6186,0.8037,0.001
3,5,pc,3,1.7156,6.9542,0.5459,0.8273,0.001
3,5,pc,4,1.3629,8.3171,0.5257,0.8356,0.001
3,5,pc,5,1.1721,9.4892,0.4801,0.8646,0.001
3,6,pc,1,1.7126,1.7126,0.7791,0.7679,0.001
3,6,pc,2,1.6866,3.3992,0.5961,0.8224,0.001
3,6,pc,3,1.4523,4.8515,0.5283,0.8486,0.001
3,6,pc,4,1.1958,6.0473,0.5167,0.8476,0.001
3,6,pc,5,0.951,6.9983,0.501,0.8416,0.001
4,2,pc,1,0.198,0.198,1.7229,0.3171,0.0005
4,2,pc,2,0.224,0.422,1.4343,0.3821,0.0005
4,2,pc,3,0.2275,0.6495,1.1799,0.5447,0.0005
4,2,pc,4,0.2029,0.8524,1.0002,0.7154,0.0005
4,2,pc,5,0.1704,1.0228,0.9153,0.7561,0.0005
4,5,pc,1,2.7653,2.7653,0.8417,0.7268,0.0005
4,5,pc,2,2.5269,5.2922,0.5644,0.8208,0.0005
4,5,pc,3,1.6208,6.913,0.5105,0.848,0.0005
4,5,pc,4,1.3607,8.2737,0.4945,0.8468,0.0005
4,5,pc,5,1.1874,9.4611,0.4674,0.8711,0.0005
4,9,pc,1,3.1743,3.1743,0.3781,0.9127,0.0005
4,9,pc,2,2.6699,5.8442,0.2693,0.9345,0.0005
4,9,pc,3,1.6476,7.4918,0.2511,0.946,0.0005
4,9,pc,4,1.4801,8.9719,0.2401,0.9423,0.0005
4,9,pc,5,1.1097,10.0816,0.2304,0.9434,0.0005
4,3,pc,1,5.2791,5.2791,0.5382,0.8457,0.0005
4,3,pc,2,2.9455,8.2246,0.4696,0.8627,0.0005
4,3,pc,3,2.0518,10.2764,0.4439,0.8645,0.0005
4,3,pc,4,1.5451,11.8215,0.4254,0.8752,0.0005
4,3,pc,5,1.4217,13.2432,0.4094,0.8761,0.0005
4,7,pc,1,0.8243,0.8243,1.1447,0.6559,0.0005
4,7,pc,2,0.7309,1.5552,0.5673,0.8984,0.0005
4,7,pc,3,0.6445,2.1997,0.4024,0.903,0.0005
4,7,pc,4,0.6898,2.8895,0.3615,0.9076,0.0005
4,7,pc,5,0.6494,3.5389,0.3301,0.9076,0.0005
4,8,pc,1,1.3981,1.3981,0.536,0.9024,0.0005
4,8,pc,2,1.302,2.7001,0.2283,0.9569,0.0005
4,8,pc,3,1.1654,3.8655,0.2023,0.9506,0.0005
4,8,pc,4,1.1344,4.9999,0.1667,0.9632,0.0005
4,8,pc,5,0.8707,5.8706,0.1627,0.9582,0.0005
4,6,pc,1,1.6719,1.6719,0.6548,0.8214,0.0005
4,6,pc,2,1.4864,3.1583,0.4811,0.8597,0.0005
4,6,pc,3,1.4646,4.6229,0.4727,0.8557,0.0005
4,6,pc,4,1.2444,5.8673,0.4442,0.8698,0.0005
4,6,pc,5,0.8875,6.7548,0.4355,0.8718,0.0005
4,4,pc,1,1.1532,1.1532,0.4898,0.8938,0.0005
4,4,pc,2,1.0726,2.2258,0.3137,0.9249,0.0005
4,4,pc,3,1.1504,3.3762,0.3114,0.9178,0.0005
4,4,pc,4,1.0415,4.4177,0.2699,0.9419,0.0005
4,4,pc,5,0.8976,5.3153,0.2605,0.9377,0.0005
4,0,pc,1,2.3911,2.3911,0.3616,0.9327,0.0005
4,0,pc,2,2.1891,4.5802,0.1919,0.9702,0.0005
4,0,pc,3,1.5741,6.1543,0.171,0.966,0.0005
4,0,pc,4,1.2101,7.3644,0.1542,0.9717,0.0005
4,0,pc,5,1.1634,8.5278,0.1558,0.9709,0.0005
4,1,pc,1,0.9491,0.9491,1.8107,0.4578,0.0005
4,1,pc,2,0.7927,1.7418,0.5777,0.8874,0.0005
4,1,pc,3,0.8342,2.576,0.3195,0.9306,0.0005
4,1,pc,4,0.9315,3.5075,0.2625,0.9287,0.0005
4,1,pc,5,0.8256,4.3331,0.2306,0.9568,0.0005
5,3,pc,1,5.4498,5.4498,0.5061,0.8511,0.0005
5,3,pc,2,2.9691,8.4189,0.4426,0.8689,0.0005
5,3,pc,3,1.9757,10.3946,0.4192,0.8746,0.0005
5,3,pc,4,1.4296,11.8242,0.4156,0.877,0.0005
5,3,pc,5,1.6201,13.4443,0.3887,0.888,0.0005
5,7,pc,1,0.8301,0.8301,0.9745,0.739,0.0005
5,7,pc,2,0.6663,1.4964,0.4619,0.9099,0.0005
5,7,pc,3,0.7056,2.202,0.3368,0.9099,0.0005
5,7,pc,4,0.727,2.929,0.3003,0.9169,0.0005
5,7,pc,5,0.7085,3.6375,0.2763,0.9261,0.0005
5,9,pc,1,3.3529,3.3529,0.3305,0.9252,0.0005
5,9,pc,2,2.5929,5.9458,0.2411,0.9371,0.0005
5,9,pc,3,1.676,7.6218,0.2297,0.947,0.0005
5,9,pc,4,1.3835,9.0053,0.2337,0.9413,0.0005
5,9,pc,5,1.1488,10.1541,0.2245,0.9434,0.0005
5,8,pc,1,1.3577,1.3577,0.4293,0.9227,0.0005
5,8,pc,2,1.3564,2.7141,0.2104,0.9531,0.0005
5,8,pc,3,1.3525,4.0666,0.163,0.967,0.0005
5,8,pc,4,1.0521,5.1187,0.1558,0.9594,0.0005
5,8,pc,5,0.9237,6.0424,0.1443,0.962,0.0005
5,4,pc,1,1.221,1.221,0.4947,0.8754,0.0005
5,4,pc,2,1.3266,2.5476,0.2926,0.9363,0.0005
5,4,pc,3,1.2005,3.7481,0.2588,0.9391,0.0005
5,4,pc,4,0.9421,4.6902,0.2495,0.9405,0.0005
5,4,pc,5,0.9374,5.6276,0.2397,0.9476,0.0005
5,6,pc,1,1.742,1.742,0.5711,0.8436,0.0005
5,6,pc,2,1.62,3.362,0.437,0.8698,0.0005
5,6,pc,3,1.5152,4.8772,0.4154,0.8718,0.0005
5,6,pc,4,1.1778,6.055,0.3954,0.884,0.0005
5,6,pc,5,0.971,7.026,0.3923,0.89,0.0005
5,2,pc,1,0.2173,0.2173,1.6107,0.3333,0.0005
5,2,pc,2,0.2144,0.4317,1.2713,0.4553,0.0005
5,2,pc,3,0.27,0.7017,1.0379,0.6585,0.0005
5,2,pc,4,0.234,0.9357,0.8794,0.7886,0.0005
5,2,pc,5,0.2096,1.1453,0.7991,0.7967,0.0005
5,5,pc,1,2.9661,2.9661,0.7316,0.7735,0.0005
5,5,pc,2,2.4577,5.4238,0.498,0.8545,0.0005
5,5,pc,3,1.731,7.1548,0.4718,0.8693,0.0005
5,5,pc,4,1.2732,8.428,0.4329,0.8817,0.0005
5,5,pc,5,1.1373,9.5653,0.4286,0.89,0.0005
5,1,pc,1,0.9844,0.9844,1.5979,0.5422,0.0005
5,1,pc,2,0.8397,1.8241,0.4636,0.9156,0.0005
5,1,pc,3,1.0062,2.8303,0.2835,0.9231,0.0005
5,1,pc,4,0.9089,3.7392,0.2432,0.9287,0.0005
5,1,pc,5,0.7656,4.5048,0.2208,0.9475,0.0005
5,0,pc,1,2.1419,2.1419,0.3064,0.9405,0.0005
5,0,pc,2,1.8569,3.9988,0.2154,0.9568,0.0005
5,0,pc,3,1.6319,5.6307,0.155,0.9674,0.0005
5,0,pc,4,1.4039,7.0346,0.1569,0.966,0.0005
5,0,pc,5,1.0567,8.0913,0.1451,0.9717,0.0005
6,0,pc,1,2.486,2.486,0.2712,0.9412,0.0005
6,0,pc,2,2.171,4.657,0.1566,0.9688,0.0005
6,0,pc,3,1.627,6.284,0.1549,0.9688,0.0005
6,0,pc,4,1.2335,7.5175,0.1515,0.9738,0.0005
6,0,pc,5,1.1415,8.659,0.1365,0.9731,0.0005
6,1,pc,1,0.9547,0.9547,1.5353,0.5553,0.0005
6,1,pc,2,0.8572,1.8119,0.4164,0.9287,0.0005
6,1,pc,3,0.834,2.6459,0.2607,0.9418,0.0005
6,1,pc,4,0.9693,3.6152,0.2285,0.9381,0.0005
6,1,pc,5,0.7287,4.3439,0.2054,0.9587,0.0005
6,7,pc,1,0.7906,0.7906,0.9186,0.746,0.0005
6,7,pc,2,0.7683,1.5589,0.4039,0.9099,0.0005
6,7,pc,3,0.742,2.3009,0.3132,0.9076,0.0005
6,7,pc,4,0.6736,2.9745,0.2645,0.9261,0.0005
6,7,pc,5,0.806,3.7805,0.265,0.9238,0.0005
6,5,pc,1,2.9841,2.9841,0.6921,0.7842,0.0005
6,5,pc,2,2.3956,5.3797,0.4683,0.8658,0.0005
6,5,pc,3,1.6842,7.0639,0.4419,0.8752,0.0005
6,5,pc,4,1.3832,8.4471,0.4204,0.8835,0.0005
6,5,pc,5,1.1646,9.6117,0.4103,0.8847,0.0005
6,2,pc,1,0.22,0.22,1.6037,0.3252,0.0005
6,2,pc,2,0.2664,0.4864,1.2617,0.4472,0.0005
6,2,pc,3,0.227,0.7134,0.9992,0.6911,0.0005
6,2,pc,4,0.2182,0.9316,0.8371,0.7805,0.0005
6,2,pc,5,0.19,1.1216,0.7656,0.7886,0.0005
6,8,pc,1,1.353,1.353,0.3435,0.9442,0.0005
6,8,pc,2,1.2683,2.6213,0.1696,0.9582,0.0005
6,8,pc,3,1.2237,3.845,0.1427,0.9683,0.0005
6,8,pc,4,1.0345,4.8795,0.1321,0.9721,0.0005
6,8,pc,5,0.9633,5.8428,0.1164,0.9734,0.0005
6,9,pc,1,3.2247,3.2247,0.314,0.9278,0.0005
6,9,pc,2,2.59,5.8147,0.2247,0.9491,0.0005
6,9,pc,3,1.7244,7.5391,0.2128,0.9455,0.0005
6,9,pc,4,1.4971,9.0362,0.2057,0.946,0.0005
6,9,pc,5,1.1294,10.1656,0.2093,0.9455,0.0005
6,6,pc,1,1.6882,1.6882,0.5305,0.8537,0.0005
6,6,pc,2,1.663,3.3512,0.408,0.8749,0.0005
6,6,pc,3,1.3724,4.7236,0.4062,0.89,0.0005
6,6,pc,4,1.1517,5.8753,0.3858,0.892,0.0005
6,6,pc,5,0.948,6.8233,0.3791,0.887,0.0005
6,4,pc,1,1.2169,1.2169,0.4298,0.8966,0.0005
6,4,pc,2,1.2631,2.48,0.2845,0.9348,0.0005
6,4,pc,3,1.1292,3.6092,0.2617,0.9363,0.0005
6,4,pc,4,1.045,4.6542,0.2538,0.9348,0.0005
6,4,pc,5,0.8626,5.5168,0.2159,0.9561,0.0005
6,3,pc,1,5.3782,5.3782,0.4865,0.8579,0.0005
6,3,pc,2,3.0138,8.392,0.4175,0.8746,0.0005
6,3,pc,3,2.0062,10.3982,0.4023,0.8776,0.0005
6,3,pc,4,1.3233,11.7215,0.3826,0.8859,0.0005
6,3,pc,5,1.3529,13.0744,0.3843,0.8835,0.0005
7,1,pc,1,1.0005,1.0005,1.8274,0.4765,0.00025
7,1,pc,2,0.8974,1.8979,0.6693,0.8949,0.00025
7,1,pc,3,0.9397,2.8376,0.3792,0.9362,0.00025
7,1,pc,4,0.7388,3.5764,0.2884,0.9306,0.00025
7,1,pc,5,0.8576,4.434,0.2583,0.9456,0.00025
7,8,pc,1,1.3248,1.3248,0.3857,0.9278,0.00025
7,8,pc,2,1.3136,2.6384,0.1774,0.9721,0.00025
7,8,pc,3,1.1458,3.7842,0.1633,0.9607,0.00025
7,8,pc,4,1.1965,4.9807,0.1305,0.9734,0.00025
7,8,pc,5,1.0592,6.0399,0.1262,0.967,0.00025
7,6,pc,1,1.7005,1.7005,0.5173,0.8628,0.00025
7,6,pc,2,1.6121,3.3126,0.3871,0.8799,0.00025
7,6,pc,3,1.4954,4.808,0.3643,0.893,0.00025
7,6,pc,4,1.3002,6.1082,0.3501,0.8981,0.00025
7,6,pc,5,0.9983,7.1065,0.3531,0.893,0.00025
7,9,pc,1,3.3231,3.3231,0.322,0.9216,0.00025
7,9,pc,2,2.6557,5.9788,0.2233,0.947,0.00025
7,9,pc,3,1.7607,7.7395,0.2074,0.9512,0.00025
7,9,pc,4,1.4467,9.1862,0.1968,0.9522,0.00025
7,9,pc,5,1.1082,10.2944,0.1916,0.9548,0.00025
7,7,pc,1,0.8143,0.8143,1.0511,0.6928,0.00025
7,7,pc,2,0.705,1.5193,0.4608,0.9122,0.00025
7,7,pc,3,0.7187,2.238,0.3364,0.9215,0.00025
7,7,pc,4,0.653,2.891,0.2975,0.9192,0.00025
7,7,pc,5,0.7265,3.6175,0.2637,0.9284,0.00025
7,4,pc,1,1.3169,1.3169,0.4799,0.8839,0.00025
7,4,pc,2,1.1941,2.511,0.2642,0.9462,0.00025
7,4,pc,3,1.0984,3.6094,0.2267,0.949,0.00025
7,4,pc,4,1.1022,4.7116,0.2266,0.949,0.00025
7,4,pc,5,0.9593,5.6709,0.2122,0.9561,0.00025
7,5,pc,1,2.8471,2.8471,0.7397,0.7883,0.00025
7,5,pc,2,2.5551,5.4022,0.4829,0.8705,0.00025
7,5,pc,3,1.7686,7.1708,0.4386,0.89,0.00025
7,5,pc,4,1.4015,8.5723,0.4202,0.877,0.00025
7,5,pc,5,1.0806,9.6529,0.417,0.8859,0.00025
7,3,pc,1,5.4383,5.4383,0.4758,0.8612,0.00025
7,3,pc,2,3.1631,8.6014,0.3908,0.882,0.00025
7,3,pc,3,1.9161,10.5175,0.3912,0.8805,0.00025
7,3,pc,4,1.3468,11.8643,0.3814,0.8844,0.00025
7,3,pc,5,1.4029,13.2672,0.3747,0.8838,0.00025
7,2,pc,1,0.1572,0.1572,1.6475,0.3496,0.00025
7,2,pc,2,0.2205,0.3777,1.4235,0.3984,0.00025
7,2,pc,3,0.2668,0.6445,1.1829,0.4959,0.00025
7,2,pc,4,0.2209,0.8654,1.0333,0.626,0.00025
7,2,pc,5,0.251,1.1164,0.9054,0.7642,0.00025
7,0,pc,1,2.0176,2.0176,0.3005,0.9383,0.00025
7,0,pc,2,2.0663,4.0839,0.1486,0.9702,0.00025
7,0,pc,3,2.0422,6.1261,0.1304,0.9759,0.00025
7,0,pc,4,1.3394,7.4655,0.1308,0.9688,0.00025
7,0,pc,5,1.1433,8.6088,0.1188,0.9773,0.00025
8,5,pc,1,2.8389,2.8389,0.706,0.7883,0.00025
8,5,pc,2,2.3325,5.1714,0.4551,0.8894,0.00025
8,5,pc,3,1.678,6.8494,0.4219,0.887,0.00025
8,5,pc,4,1.3161,8.1655,0.3994,0.8912,0.00025
8,5,pc,5,1.193,9.3585,0.3868,0.8959,0.00025
8,0,pc,1,2.6247,2.6247,0.2795,0.9391,0.00025
8,0,pc,2,2.0224,4.6471,0.1415,0.9724,0.00025
8,0,pc,3,1.6528,6.2999,0.126,0.9731,0.00025
8,0,pc,4,1.221,7.5209,0.1131,0.9759,0.00025
8,0,pc,5,1.1409,8.6618,0.1244,0.9709,0.00025
8,3,pc,1,5.1795,5.1795,0.4355,0.8713,0.00025
8,3,pc,2,3.0542,8.2337,0.3804,0.8862,0.00025
8,3,pc,3,1.9919,10.2256,0.3707,0.8889,0.00025
8,3,pc,4,1.3127,11.5383,0.3682,0.8874,0.00025
8,3,pc,5,1.3601,12.8984,0.3671,0.8889,0.00025
8,2,pc,1,0.2142,0.2142,1.5956,0.3659,0.00025
8,2,pc,2,0.2748,0.489,1.2767,0.4797,0.00025
8,2,pc,3,0.2142,0.7032,1.0191,0.6341,0.00025
8,2,pc,4,0.2401,0.9433,0.8861,0.7073,0.00025
8,2,pc,5,0.2324,1.1757,0.8168,0.7967,0.00025
8,7,pc,1,0.7041,0.7041,0.9616,0.7182,0.00025
8,7,pc,2,0.804,1.5081,0.4399,0.9099,0.00025
8,7,pc,3,0.772,2.2801,0.3292,0.9145,0.00025
8,7,pc,4,0.6826,2.9627,0.2905,0.9261,0.00025
8,7,pc,5,0.6901,3.6528,0.2503,0.94,0.00025
8,9,pc,1,3.2502,3.2502,0.288,0.934,0.00025
8,9,pc,2,2.5345,5.7847,0.2082,0.9517,0.00025
8,9,pc,3,1.6685,7.4532,0.2005,0.9496,0.00025
8,9,pc,4,1.4906,8.9438,0.2004,0.9491,0.00025
8,9,pc,5,1.0798,10.0236,0.2002,0.9465,0.00025
8,6,pc,1,1.7256,1.7256,0.5046,0.8527,0.00025
8,6,pc,2,1.6306,3.3562,0.3678,0.892,0.00025
8,6,pc,3,1.2949,4.6511,0.3546,0.892,0.00025
8,6,pc,4,1.207,5.8581,0.3414,0.9031,0.00025
8,6,pc,5,0.9002,6.7583,0.3411,0.9001,0.00025
8,4,pc,1,1.3398,1.3398,0.4962,0.8697,0.00025
8,4,pc,2,1.218,2.5578,0.2697,0.9391,0.00025
8,4,pc,3,1.072,3.6298,0.2346,0.9547,0.00025
8,4,pc,4,0.967,4.5968,0.2307,0.9547,0.00025
8,4,pc,5,0.8984,5.4952,0.2296,0.949,0.00025
8,8,pc,1,1.3628,1.3628,0.3496,0.9341,0.00025
8,8,pc,2,1.2363,2.5991,0.1657,0.962,0.00025
8,8,pc,3,1.2219,3.821,0.1404,0.9683,0.00025
8,8,pc,4,1.0369,4.8579,0.1238,0.9721,0.00025
8,8,pc,5,0.9705,5.8284,0.1147,0.9708,0.00025
8,1,pc,1,0.9598,0.9598,1.7053,0.4934,0.00025
8,1,pc,2,0.8529,1.8127,0.6081,0.8968,0.00025
8,1,pc,3,0.8281,2.6408,0.3545,0.9325,0.00025
8,1,pc,4,0.8347,3.4755,0.2763,0.9587,0.00025
8,1,pc,5,0.6939,4.1694,0.25,0.94,0.00025
9,8,pc,1,1.3971,1.3971,0.3575,0.9366,0.00025
9,8,pc,2,1.3288,2.7259,0.1808,0.9645,0.00025
9,8,pc,3,1.2003,3.9262,0.1275,0.9734,0.00025
9,8,pc,4,1.07,4.9962,0.1197,0.9696,0.00025
9,8,pc,5,0.8595,5.8557,0.1174,0.9734,0.00025
9,0,pc,1,2.3862,2.3862,0.2649,0.9483,0.00025
9,0,pc,2,2.1016,4.4878,0.1295,0.9724,0.00025
9,0,pc,3,1.6202,6.108,0.1141,0.978,0.00025
9,0,pc,4,1.3052,7.4132,0.1156,0.9745,0.00025
9,0,pc,5,1.1409,8.5541,0.119,0.9709,0.00025
9,4,pc,1,1.2248,1.2248,0.4464,0.8796,0.00025
9,4,pc,2,1.1684,2.3932,0.2542,0.9448,0.00025
9,4,pc,3,1.1221,3.5153,0.2359,0.9476,0.00025
9,4,pc,4,0.962,4.4773,0.2061,0.9589,0.00025
9,4,pc,5,0.913,5.3903,0.2025,0.9561,0.00025
9,3,pc,1,5.3057,5.3057,0.4319,0.8728,0.00025
9,3,pc,2,2.9605,8.2662,0.3701,0.888,0.00025
9,3,pc,3,1.9845,10.2507,0.3676,0.8862,0.00025
9,3,pc,4,1.3361,11.5868,0.3593,0.8883,0.00025
9,3,pc,5,1.3364,12.9232,0.3587,0.8943,0.00025
9,1,pc,1,0.9712,0.9712,1.6964,0.5009,0.00025
9,1,pc,2,0.8213,1.7925,0.5941,0.9024,0.00025
9,1,pc,3,0.8443,2.6368,0.3568,0.9156,0.00025
9,1,pc,4,0.9067,3.5435,0.2712,0.9531,0.00025
9,1,pc,5,0.7673,4.3108,0.2385,0.9493,0.00025
9,2,pc,1,0.2635,0.2635,1.567,0.3659,0.00025
9,2,pc,2,0.2004,0.4639,1.2865,0.4715,0.00025
9,2,pc,3,0.2006,0.6645,1.0349,0.6341,0.00025
9,2,pc,4,0.2179,0.8824,0.8584,0.7398,0.00025
9,2,pc,5,0.221,1.1034,0.797,0.7886,0.00025
9,9,pc,1,3.1698,3.1698,0.2833,0.9361,0.00025
9,9,pc,2,2.642,5.8118,0.2065,0.947,0.00025
9,9,pc,3,1.7113,7.5231,0.1953,0.9522,0.00025
9,9,pc,4,1.47,8.9931,0.1921,0.9496,0.00025
9,9,pc,5,1.0867,10.0798,0.1859,0.9506,0.00025
9,7,pc,1,0.8069,0.8069,0.9831,0.6882,0.00025
9,7,pc,2,0.715,1.5219,0.3933,0.9215,0.00025
9,7,pc,3,0.7012,2.2231,0.3231,0.933,0.00025
9,7,pc,4,0.6993,2.9224,0.2692,0.9284,0.00025
9,7,pc,5,0.6672,3.5896,0.2445,0.933,0.00025
9,6,pc,1,1.7428,1.7428,0.4705,0.8678,0.00025
9,6,pc,2,1.7134,3.4562,0.3684,0.889,0.00025
9,6,pc,3,1.3741,4.8303,0.3469,0.9011,0.00025
9,6,pc,4,1.1348,5.9651,0.3504,0.891,0.00025
9,6,pc,5,0.96,6.9251,0.3255,0.9031,0.00025
9,5,pc,1,2.8085,2.8085,0.6774,0.8155,0.00025
9,5,pc,2,2.4616,5.2701,0.4443,0.8788,0.00025
9,5,pc,3,1.6855,6.9556,0.413,0.8906,0.00025
9,5,pc,4,1.3837,8.3393,0.4014,0.8941,0.00025
9,5,pc,5,1.1153,9.4546,0.3924,0.8947,0.00025
10,5,pc,1,3.0266,3.0266,0.7453,0.7989,0.000125
10,5,pc,2,2.2664,5.293,0.4773,0.887,0.000125
10,5,pc,3,1.6865,6.9795,0.434,0.8936,0.000125
10,5,pc,4,1.3414,8.3209,0.4107,0.8983,0.000125
10,5,pc,5,1.121,9.4419,0.4014,0.8924,0.000125
10,1,pc,1,0.951,0.951,1.9972,0.3715,0.000125
10,1,pc,2,0.864,1.815,0.9057,0.8255,0.000125
10,1,pc,3,0.8452,2.6602,0.5699,0.9118,0.000125
10,1,pc,4,0.9064,3.5666,0.4281,0.94,0.000125
10,1,pc,5,0.868,4.4346,0.3502,0.9456,0.000125
10,7,pc,1,0.7381,0.7381,1.1289,0.6351,0.000125
10,7,pc,2,0.8089,1.547,0.5269,0.9099,0.000125
10,7,pc,3,0.7072,2.2542,0.37,0.94,0.000125
10,7,pc,4,0.6599,2.9141,0.3336,0.9307,0.000125
10,7,pc,5,0.6804,3.5945,0.2835,0.9423,0.000125
10,8,pc,1,1.4717,1.4717,0.3807,0.9214,0.000125
10,8,pc,2,1.2879,2.7596,0.1982,0.9645,0.000125
10,8,pc,3,1.2645,4.0241,0.1492,0.9683,0.000125
10,8,pc,4,1.1336,5.1577,0.1354,0.9734,0.000125
10,8,pc,5,0.8613,6.019,0.1333,0.9683,0.000125
10,9,pc,1,3.1573,3.1573,0.2987,0.9252,0.000125
10,9,pc,2,2.5799,5.7372,0.2015,0.946,0.000125
10,9,pc,3,1.7535,7.4907,0.1893,0.9517,0.000125
10,9,pc,4,1.4998,8.9905,0.1906,0.9501,0.000125
10,9,pc,5,1.0647,10.0552,0.1846,0.9553,0.000125
10,3,pc,1,5.1807,5.1807,0.4352,0.8731,0.000125
10,3,pc,2,3.0426,8.2233,0.3731,0.8865,0.000125
10,3,pc,3,2.0082,10.2315,0.3618,0.8898,0.000125
10,3,pc,4,1.3959,11.6274,0.3682,0.8877,0.000125
10,3,pc,5,1.4004,13.0278,0.3552,0.8907,0.000125
10,0,pc,1,2.579,2.579,0.298,0.9398,0.000125
10,0,pc,2,2.1619,4.7409,0.1457,0.9752,0.000125
10,0,pc,3,1.5845,6.3254,0.1274,0.9794,0.000125
10,0,pc,4,1.1951,7.5205,0.1188,0.9738,0.000125
10,0,pc,5,1.1467,8.6672,0.1195,0.9759,0.000125
10,4,pc,1,1.2385,1.2385,0.5084,0.8541,0.000125
10,4,pc,2,1.1902,2.4287,0.2712,0.9518,0.000125
10,4,pc,3,1.0023,3.431,0.2564,0.9419,0.000125
10,4,pc,4,1.0742,4.5052,0.237,0.9476,0.000125
10,4,pc,5,0.873,5.3782,0.216,0.9575,0.000125
10,2,pc,1,0.199,0.199,1.5689,0.3821,0.000125
10,2,pc,2,0.2583,0.4573,1.4222,0.3902,0.000125
10,2,pc,3,0.1914,0.6487,1.2449,0.5041,0.000125
10,2,pc,4,0.1916,0.8403,1.0913,0.5772,0.000125
10,2,pc,5,0.2308,1.0711,0.9771,0.6504,0.000125
10,6,pc,1,1.7363,1.7363,0.4821,0.8729,0.000125
10,6,pc,2,1.7479,3.4842,0.3723,0.8961,0.000125
10,6,pc,3,1.3681,4.8523,0.3519,0.8951,0.000125
10,6,pc,4,1.1908,6.0431,0.3348,0.9072,0.000125
10,6,pc,5,0.924,6.9671,0.3306,0.893,0.000125
11,8,pc,1,1.4164,1.4164,0.3681,0.9328,0.000125
11,8,pc,2,1.368,2.7844,0.1884,0.9696,0.000125
11,8,pc,3,1.1841,3.9685,0.149,0.967,0.000125
11,8,pc,4,1.0826,5.0511,0.1455,0.9721,0.000125
11,8,pc,5,0.9117,5.9628,0.1222,0.9759,0.000125
11,7,pc,1,0.706,0.706,1.128,0.6559,0.000125
11,7,pc,2,0.7754,1.4814,0.5046,0.8984,0.000125
11,7,pc,3,0.6522,2.1336,0.3676,0.9353,0.000125
11,7,pc,4,0.7159,2.8495,0.3121,0.9353,0.000125
11,7,pc,5,0.6592,3.5087,0.3052,0.933,0.000125
11,4,pc,1,1.2221,1.2221,0.5262,0.8385,0.000125
11,4,pc,2,1.2062,2.4283,0.3024,0.9391,0.000125
11,4,pc,3,1.1219,3.5502,0.266,0.9518,0.000125
11,4,pc,4,1.0687,4.6189,0.2308,0.9518,0.000125
11,4,pc,5,0.8337,5.4526,0.2115,0.9575,0.000125
11,3,pc,1,5.3136,5.3136,0.4232,0.88,0.000125
11,3,pc,2,2.9815,8.2951,0.3639,0.8886,0.000125
11,3,pc,3,2.0319,10.327,0.3534,0.8922,0.000125
11,3,pc,4,1.3353,11.6623,0.3523,0.894,0.000125
11,3,pc,5,1.4031,13.0654,0.3478,0.8954,0.000125
11,0,pc,1,2.379,2.379,0.2945,0.9412,0.000125
11,0,pc,2,2.2354,4.6144,0.1428,0.9752,0.000125
11,0,pc,3,1.5677,6.1821,0.1286,0.9738,0.000125
11,0,pc,4,1.2148,7.3969,0.1344,0.9759,0.000125
11,0,pc,5,1.1663,8.5632,0.1167,0.9745,0.000125
11,5,pc,1,2.9426,2.9426,0.7285,0.7942,0.000125
11,5,pc,2,2.3659,5.3085,0.4802,0.8829,0.000125
11,5,pc,3,1.66,6.9685,0.4281,0.8953,0.000125
11,5,pc,4,1.3941,8.3626,0.4147,0.8953,0.000125
11,5,pc,5,1.1628,9.5254,0.3987,0.893,0.000125
11,9,pc,1,3.1396,3.1396,0.3013,0.9335,0.000125
11,9,pc,2,2.7015,5.8411,0.2035,0.9527,0.000125
11,9,pc,3,1.73,7.5711,0.1877,0.9564,0.000125
11,9,pc,4,1.4888,9.0599,0.1881,0.9522,0.000125
11,9,pc,5,1.099,10.1589,0.1825,0.9564,0.000125
11,6,pc,1,1.6645,1.6645,0.4601,0.8779,0.000125
11,6,pc,2,1.5758,3.2403,0.3628,0.9021,0.000125
11,6,pc,3,1.403,4.6433,0.3444,0.893,0.000125
11,6,pc,4,1.1653,5.8086,0.3406,0.8971,0.000125
11,6,pc,5,0.8989,6.7075,0.3266,0.9062,0.000125
11,2,pc,1,0.2064,0.2064,1.5414,0.374,0.000125
11,2,pc,2,0.267,0.4734,1.3262,0.4309,0.000125
11,2,pc,3,0.2686,0.742,1.1213,0.5447,0.000125
11,2,pc,4,0.2473,0.9893,0.9964,0.6423,0.000125
11,2,pc,5,0.2482,1.2375,0.9071,0.6829,0.000125
11,1,pc,1,1.0204,1.0204,1.9448,0.3959,0.000125
11,1,pc,2,0.8899,1.9103,0.883,0.8086,0.000125
11,1,pc,3,0.8785,2.7888,0.5593,0.9118,0.000125
11,1,pc,4,0.8439,3.6327,0.4226,0.9456,0.000125
11,1,pc,5,0.8407,4.4734,0.346,0.9456,0.000125
12,7,pc,1,0.6389,0.6389,1.0237,0.6813,0.000125
12,7,pc,2,0.6619,1.3008,0.4755,0.9145,0.000125
12,7,pc,3,0.6249,1.9257,0.3534,0.9423,0.000125
12,7,pc,4,0.5117,2.4374,0.3105,0.9307,0.000125
12,7,pc,5,0.5607,2.9981,0.2662,0.9469,0.000125
12,9,pc,1,3.3308,3.3308,0.2861,0.934,0.000125
12,9,pc,2,2.5097,5.8405,0.204,0.9501,0.000125
12,9,pc,3,1.736,7.5765,0.1925,0.9496,0.000125
12,9,pc,4,1.4291,9.0056,0.1861,0.9532,0.000125
12,9,pc,5,1.0695,10.0751,0.1821,0.9553,0.000125
12,2,pc,1,0.2685,0.2685,1.541,0.3984,0.000125
12,2,pc,2,0.2201,0.4886,1.4056,0.4228,0.000125
12,2,pc,3,0.2205,0.7091,1.1427,0.5366,0.000125
12,2,pc,4,0.24,0.9491,0.9916,0.6423,0.000125
12,2,pc,5,0.2551,1.2042,0.8872,0.7154,0.000125
12,3,pc,1,4.9966,4.9966,0.4144,0.88,0.000125
12,3,pc,2,3.1533,8.1499,0.3533,0.8928,0.000125
12,3,pc,3,2.02,10.1699,0.3452,0.8972,0.000125
12,3,pc,4,1.363,11.5329,0.345,0.8945,0.000125
12,3,pc,5,1.3372,12.8701,0.3437,0.8945,0.000125
12,8,pc,1,1.468,1.468,0.3945,0.9176,0.000125
12,8,pc,2,1.1866,2.6546,0.1691,0.9683,0.000125
12,8,pc,3,1.2092,3.8638,0.1409,0.9708,0.000125
12,8,pc,4,1.0092,4.873,0.1307,0.967,0.000125
12,8,pc,5,0.935,5.808,0.122,0.9708,0.000125
12,5,pc,1,2.8394,2.8394,0.7013,0.8232,0.000125
12,5,pc,2,2.2445,5.0839,0.4606,0.8859,0.000125
12,5,pc,3,1.7017,6.7856,0.4265,0.8983,0.000125
12,5,pc,4,1.3724,8.158,0.4107,0.8965,0.000125
12,5,pc,5,1.1535,9.3115,0.3924,0.9007,0.000125
12,0,pc,1,2.4324,2.4324,0.302,0.927,0.000125
12,0,pc,2,1.9828,4.4152,0.1499,0.9738,0.000125
12,0,pc,3,1.6703,6.0855,0.1332,0.9709,0.000125
12,0,pc,4,1.2589,7.3444,0.114,0.9752,0.000125
12,0,pc,5,1.1568,8.5012,0.1165,0.9717,0.000125
12,1,pc,1,0.926,0.926,1.9264,0.424,0.000125
12,1,pc,2,0.9375,1.8635,0.8675,0.818,0.000125
12,1,pc,3,0.8712,2.7347,0.5426,0.9137,0.000125
12,1,pc,4,0.6937,3.4284,0.4214,0.9381,0.000125
12,1,pc,5,0.7625,4.1909,0.3503,0.9531,0.000125
12,4,pc,1,1.3178,1.3178,0.5139,0.8385,0.000125
12,4,pc,2,1.1436,2.4614,0.2729,0.9504,0.000125
12,4,pc,3,1.0579,3.5193,0.2477,0.949,0.000125
12,4,pc,4,0.9349,4.4542,0.2306,0.9547,0.000125
12,4,pc,5,0.8926,5.3468,0.2057,0.9603,0.000125
12,6,pc,1,1.8686,1.8686,0.4541,0.8779,0.000125
12,6,pc,2,1.599,3.4676,0.3659,0.9041,0.000125
12,6,pc,3,1.318,4.7856,0.3321,0.9031,0.000125
12,6,pc,4,1.18,5.9656,0.3137,0.9051,0.000125
12,6,pc,5,0.9618,6.9274,0.3143,0.9082,0.000125
13,8,pc,1,1.388,1.388,0.4404,0.8986,6.3e-05
13,8,pc,2,1.2442,2.6322,0.2292,0.962,6.3e-05
13,8,pc,3,1.2294,3.8616,0.173,0.9683,6.3e-05
13,8,pc,4,1.2011,5.0627,0.1581,0.9708,6.3e-05
13,8,pc,5,1.0125,6.0752,0.1485,0.967,6.3e-05
13,7,pc,1,0.824,0.824,1.2291,0.6166,6.3e-05
13,7,pc,2,0.7517,1.5757,0.6814,0.8106,6.3e-05
13,7,pc,3,0.6848,2.2605,0.4633,0.9192,6.3e-05
13,7,pc,4,0.6596,2.9201,0.4492,0.9169,6.3e-05
13,7,pc,5,0.6604,3.5805,0.3662,0.9284,6.3e-05
13,4,pc,1,1.3554,1.3554,0.5581,0.8187,6.3e-05
13,4,pc,2,1.1146,2.47,0.3497,0.9263,6.3e-05
13,4,pc,3,1.0961,3.5661,0.2909,0.9377,6.3e-05
13,4,pc,4,0.9643,4.5304,0.2633,0.949,6.3e-05
13,4,pc,5,1.0119,5.5423,0.244,0.9561,6.3e-05
13,9,pc,1,3.2273,3.2273,0.3247,0.9257,6.3e-05
13,9,pc,2,2.5439,5.7712,0.2119,0.9517,6.3e-05
13,9,pc,3,1.8212,7.5924,0.2003,0.9517,6.3e-05
13,9,pc,4,1.4502,9.0426,0.1906,0.9558,6.3e-05
13,9,pc,5,1.1218,10.1644,0.1832,0.9553,6.3e-05
13,0,pc,1,2.4603,2.4603,0.3506,0.9171,6.3e-05
13,0,pc,2,2.021,4.4813,0.1761,0.9731,6.3e-05
13,0,pc,3,1.8573,6.3386,0.1557,0.9724,6.3e-05
13,0,pc,4,1.266,7.6046,0.1377,0.9745,6.3e-05
13,0,pc,5,1.0977,8.7023,0.1412,0.9688,6.3e-05
13,5,pc,1,2.8596,2.8596,0.8141,0.7652,6.3e-05
13,5,pc,2,2.4723,5.3319,0.534,0.8847,6.3e-05
13,5,pc,3,1.7143,7.0462,0.4753,0.8936,6.3e-05
13,5,pc,4,1.3649,8.4111,0.4524,0.8888,6.3e-05
13,5,pc,5,1.1819,9.593,0.443,0.8882,6.3e-05
13,3,pc,1,5.0026,5.0026,0.4446,0.8779,6.3e-05
13,3,pc,2,3.152,8.1546,0.3596,0.8937,6.3e-05
13,3,pc,3,2.1278,10.2824,0.3515,0.8969,6.3e-05
13,3,pc,4,1.3447,11.6271,0.3523,0.8934,6.3e-05
13,3,pc,5,1.3525,12.9796,0.3415,0.896,6.3e-05
13,6,pc,1,1.8118,1.8118,0.5009,0.8739,6.3e-05
13,6,pc,2,1.5538,3.3656,0.3663,0.9142,6.3e-05
13,6,pc,3,1.5165,4.8821,0.3498,0.8981,6.3e-05
13,6,pc,4,1.2598,6.1419,0.3444,0.9011,6.3e-05
13,6,pc,5,0.9188,7.0607,0.3283,0.9041,6.3e-05
13,1,pc,1,0.998,0.998,2.2366,0.3058,6.3e-05
13,1,pc,2,0.9422,1.9402,1.2573,0.666,6.3e-05
13,1,pc,3,0.8344,2.7746,0.8885,0.8274,6.3e-05
13,1,pc,4,0.7773,3.5519,0.6854,0.8987,6.3e-05
13,1,pc,5,0.7909,4.3428,0.5799,0.9118,6.3e-05
13,2,pc,1,0.1951,0.1951,1.5675,0.3496,6.3e-05
13,2,pc,2,0.2189,0.414,1.4399,0.4065,6.3e-05
13,2,pc,3,0.2551,0.6691,1.3489,0.4228,6.3e-05
13,2,pc,4,0.2541,0.9232,1.249,0.4959,6.3e-05
13,2,pc,5,0.2277,1.1509,1.1335,0.5447,6.3e-05
14,0,pc,1,2.5374,2.5374,0.347,0.9142,6.3e-05
14,0,pc,2,2.1134,4.6508,0.1819,0.9709,6.3e-05
14,0,pc,3,1.6602,6.311,0.1571,0.9702,6.3e-05
14,0,pc,4,1.1601,7.4711,0.1388,0.9759,6.3e-05
14,0,pc,5,1.1372,8.6083,0.1227,0.9794,6.3e-05
14,8,pc,1,1.4742,1.4742,0.4056,0.9176,6.3e-05
14,8,pc,2,1.2349,2.7091,0.217,0.9632,6.3e-05
14,8,pc,3,1.2474,3.9565,0.1595,0.9747,6.3e-05
14,8,pc,4,1.0451,5.0016,0.1493,0.9696,6.3e-05
14,8,pc,5,0.8638,5.8654,0.1402,0.9721,6.3e-05
14,2,pc,1,0.1984,0.1984,1.5292,0.3902,6.3e-05
14,2,pc,2,0.256,0.4544,1.391,0.4309,6.3e-05
14,2,pc,3,0.2614,0.7158,1.2534,0.5203,6.3e-05
14,2,pc,4,0.216,0.9318,1.1384,0.5366,6.3e-05
14,2,pc,5,0.2247,1.1565,1.0641,0.5935,6.3e-05
14,4,pc,1,1.2726,1.2726,0.5862,0.7904,6.3e-05
14,4,pc,2,1.1629,2.4355,0.3399,0.9037,6.3e-05
14,4,pc,3,1.09,3.5255,0.2948,0.9433,6.3e-05
14,4,pc,4,1.0612,4.5867,0.2464,0.9533,6.3e-05
14,4,pc,5,0.8664,5.4531,0.2421,0.9518,6.3e-05
14,7,pc,1,0.8181,0.8181,1.1961,0.6189,6.3e-05
14,7,pc,2,0.8807,1.6988,0.6336,0.8545,6.3e-05
14,7,pc,3,0.6468,2.3456,0.4785,0.9122,6.3e-05
14,7,pc,4,0.705,3.0506,0.4029,0.9261,6.3e-05
14,7,pc,5,0.723,3.7736,0.3722,0.9307,6.3e-05
14,6,pc,1,1.6882,1.6882,0.4755,0.8739,6.3e-05
14,6,pc,2,1.6429,3.3311,0.3847,0.894,6.3e-05
14,6,pc,3,1.4339,4.765,0.3509,0.8971,6.3e-05
14,6,pc,4,1.173,5.938,0.3427,0.9062,6.3e-05
14,6,pc,5,0.9585,6.8965,0.3232,0.9112,6.3e-05
14,3,pc,1,5.4973,5.4973,0.4116,0.8919,6.3e-05
14,3,pc,2,2.9463,8.4436,0.3616,0.8931,6.3e-05
14,3,pc,3,1.8596,10.3032,0.3465,0.8966,6.3e-05
14,3,pc,4,1.3502,11.6534,0.3455,0.8945,6.3e-05
14,3,pc,5,1.3749,13.0283,0.3448,0.894,6.3e-05
14,5,pc,1,2.4207,2.4207,0.834,0.764,6.3e-05
14,5,pc,2,2.1855,4.6062,0.5399,0.8865,6.3e-05
14,5,pc,3,1.8481,6.4543,0.4796,0.8965,6.3e-05
14,5,pc,4,1.4045,7.8588,0.4451,0.8971,6.3e-05
14,5,pc,5,1.2723,9.1311,0.4349,0.8953,6.3e-05
14,1,pc,1,1.0335,1.0335,2.2207,0.2889,6.3e-05
14,1,pc,2,0.8388,1.8723,1.2336,0.6886,6.3e-05
14,1,pc,3,0.954,2.8263,0.8661,0.833,6.3e-05
14,1,pc,4,0.9346,3.7609,0.6832,0.8893,6.3e-05
14,1,pc,5,0.7536,4.5145,0.5766,0.9212,6.3e-05
14,9,pc,1,3.1257,3.1257,0.3071,0.9242,6.3e-05
14,9,pc,2,2.6064,5.7321,0.2038,0.9558,6.3e-05
14,9,pc,3,1.7205,7.4526,0.1952,0.9569,6.3e-05
14,9,pc,4,1.4807,8.9333,0.1948,0.9496,6.3e-05
14,9,pc,5,1.0503,9.9836,0.1794,0.9569,6.3e-05
15,6,pc,1,1.6968,1.6968,0.4744,0.8829,6.3e-05
15,6,pc,2,1.7665,3.4633,0.3841,0.8961,6.3e-05
15,6,pc,3,1.4433,4.9066,0.3453,0.9011,6.3e-05
15,6,pc,4,1.174,6.0806,0.3287,0.9031,6.3e-05
15,6,pc,5,0.9152,6.9958,0.321,0.9041,6.3e-05
15,0,pc,1,2.5382,2.5382,0.3351,0.9213,6.3e-05
15,0,pc,2,2.2827,4.8209,0.1865,0.9709,6.3e-05
15,0,pc,3,1.6339,6.4548,0.1482,0.9787,6.3e-05
15,0,pc,4,1.2634,7.7182,0.1453,0.9745,6.3e-05
15,0,pc,5,1.1366,8.8548,0.1297,0.9752,6.3e-05
15,5,pc,1,3.114,3.114,0.8334,0.7457,6.3e-05
15,5,pc,2,2.4575,5.5715,0.5321,0.9012,6.3e-05
15,5,pc,3,1.6462,7.2177,0.4783,0.9001,6.3e-05
15,5,pc,4,1.3848,8.6025,0.4475,0.9024,6.3e-05
15,5,pc,5,1.2003,9.8028,0.4266,0.9036,6.3e-05
15,7,pc,1,0.7938,0.7938,1.1997,0.649,6.3e-05
15,7,pc,2,0.8067,1.6005,0.6661,0.8499,6.3e-05
15,7,pc,3,0.7315,2.332,0.4764,0.9122,6.3e-05
15,7,pc,4,0.7034,3.0354,0.4019,0.933,6.3e-05
15,7,pc,5,0.7879,3.8233,0.353,0.933,6.3e-05
15,8,pc,1,1.408,1.408,0.4276,0.9024,6.3e-05
15,8,pc,2,1.3551,2.7631,0.21,0.9696,6.3e-05
15,8,pc,3,1.2497,4.0128,0.1881,0.9696,6.3e-05
15,8,pc,4,1.1054,5.1182,0.1562,0.967,6.3e-05
15,8,pc,5,0.8657,5.9839,0.1386,0.9708,6.3e-05
15,9,pc,1,2.5408,2.5408,0.3077,0.9278,6.3e-05
15,9,pc,2,2.4714,5.0122,0.2009,0.9558,6.3e-05
15,9,pc,3,1.9701,6.9823,0.1869,0.959,6.3e-05
15,9,pc,4,1.6009,8.5832,0.1929,0.9496,6.3e-05
15,9,pc,5,1.3496,9.9328,0.1828,0.9553,6.3e-05
15,4,pc,1,1.2645,1.2645,0.602,0.7805,6.3e-05
15,4,pc,2,1.1765,2.441,0.3623,0.9093,6.3e-05
15,4,pc,3,1.2411,3.6821,0.2815,0.9419,6.3e-05
15,4,pc,4,1.0356,4.7177,0.2555,0.9504,6.3e-05
15,4,pc,5,0.9336,5.6513,0.2565,0.9462,6.3e-05
15,2,pc,1,0.2026,0.2026,1.5607,0.4146,6.3e-05
15,2,pc,2,0.2509,0.4535,1.4303,0.439,6.3e-05
15,2,pc,3,0.2711,0.7246,1.2722,0.4715,6.3e-05
15,2,pc,4,0.216,0.9406,1.1616,0.5041,6.3e-05
15,2,pc,5,0.2174,1.158,1.0592,0.5935,6.3e-05
15,3,pc,1,5.4041,5.4041,0.4175,0.8811,6.3e-05
15,3,pc,2,3.0375,8.4416,0.3584,0.8948,6.3e-05
15,3,pc,3,2.0025,10.4441,0.3445,0.896,6.3e-05
15,3,pc,4,1.3444,11.7885,0.3492,0.8937,6.3e-05
15,3,pc,5,1.3409,13.1294,0.3411,0.8978,6.3e-05
15,1,pc,1,0.9857,0.9857,2.2518,0.3152,6.3e-05
15,1,pc,2,0.9905,1.9762,1.2432,0.6961,6.3e-05
15,1,pc,3,0.8377,2.8139,0.8736,0.8218,6.3e-05
15,1,pc,4,0.9097,3.7236,0.6958,0.8724,6.3e-05
15,1,pc,5,0.8165,4.5401,0.5877,0.9137,6.3e-05
16,3,pc,1,5.3766,5.3766,0.4407,0.8814,3.1e-05
16,3,pc,2,2.8951,8.2717,0.3613,0.8981,3.1e-05
16,3,pc,3,1.9792,10.2509,0.3524,0.8931,3.1e-05
16,3,pc,4,1.3668,11.6177,0.3511,0.8928,3.1e-05
16,3,pc,5,1.3335,12.9512,0.3497,0.8966,3.1e-05
16,4,pc,1,1.2261,1.2261,0.6943,0.7252,3.1e-05
16,4,pc,2,1.1348,2.3609,0.4623,0.8584,3.1e-05
16,4,pc,3,1.1663,3.5272,0.3558,0.9079,3.1e-05
16,4,pc,4,1.0433,4.5705,0.3131,0.9348,3.1e-05
16,4,pc,5,0.9863,5.5568,0.3013,0.9363,3.1e-05
16,2,pc,1,0.1891,0.1891,1.5418,0.3984,3.1e-05
16,2,pc,2,0.2174,0.4065,1.4877,0.374,3.1e-05
16,2,pc,3,0.2133,0.6198,1.4461,0.4309,3.1e-05
16,2,pc,4,0.2667,0.8865,1.3509,0.4553,3.1e-05
16,2,pc,5,0.2526,1.1391,1.2768,0.4878,3.1e-05
16,7,pc,1,0.7818,0.7818,1.3988,0.5381,3.1e-05
16,7,pc,2,0.7457,1.5275,0.9101,0.7367,3.1e-05
16,7,pc,3,0.6528,2.1803,0.6524,0.8476,3.1e-05
16,7,pc,4,0.7174,2.8977,0.5626,0.8845,3.1e-05
16,7,pc,5,0.7164,3.6141,0.5122,0.8984,3.1e-05
16,6,pc,1,1.4491,1.4491,0.5059,0.8668,3.1e-05
16,6,pc,2,1.2981,2.7472,0.4055,0.889,3.1e-05
16,6,pc,3,1.297,4.0442,0.3684,0.9031,3.1e-05
16,6,pc,4,1.1716,5.2158,0.355,0.9072,3.1e-05
16,6,pc,5,1.0477,6.2635,0.3643,0.9031,3.1e-05
16,1,pc,1,0.9817,0.9817,2.4779,0.2458,3.1e-05
16,1,pc,2,0.8936,1.8753,1.7591,0.4803,3.1e-05
16,1,pc,3,0.8436,2.7189,1.3098,0.6567,3.1e-05
16,1,pc,4,0.8461,3.565,1.0799,0.773,3.1e-05
16,1,pc,5,0.9061,4.4711,0.9345,0.8068,3.1e-05
16,9,pc,1,3.3272,3.3272,0.354,0.9158,3.1e-05
16,9,pc,2,2.6467,5.9739,0.2241,0.9512,3.1e-05
16,9,pc,3,1.5757,7.5496,0.2075,0.9496,3.1e-05
16,9,pc,4,1.4378,8.9874,0.201,0.9564,3.1e-05
16,9,pc,5,1.078,10.0654,0.1943,0.9522,3.1e-05
16,8,pc,1,1.4323,1.4323,0.4738,0.9062,3.1e-05
16,8,pc,2,1.4639,2.8962,0.2826,0.9531,3.1e-05
16,8,pc,3,1.2282,4.1244,0.2131,0.9632,3.1e-05
16,8,pc,4,1.0842,5.2086,0.2057,0.9544,3.1e-05
16,8,pc,5,0.9112,6.1198,0.1771,0.967,3.1e-05
16,5,pc,1,2.9225,2.9225,0.9451,0.6836,3.1e-05
16,5,pc,2,2.4641,5.3866,0.6488,0.861,3.1e-05
16,5,pc,3,1.5882,6.9748,0.5634,0.8823,3.1e-05
16,5,pc,4,1.3704,8.3452,0.5262,0.8918,3.1e-05
16,5,pc,5,1.1159,9.4611,0.4898,0.9054,3.1e-05
16,0,pc,1,2.5126,2.5126,0.4143,0.8788,3.1e-05
16,0,pc,2,2.2077,4.7203,0.2374,0.9575,3.1e-05
16,0,pc,3,1.6315,6.3518,0.197,0.9674,3.1e-05
16,0,pc,4,1.1508,7.5026,0.1668,0.9766,3.1e-05
16,0,pc,5,1.1289,8.6315,0.1656,0.9724,3.1e-05
17,1,pc,1,0.9914,0.9914,2.4818,0.2495,3.1e-05
17,1,pc,2,0.877,1.8684,1.7367,0.4822,3.1e-05
17,1,pc,3,0.8345,2.7029,1.3161,0.6604,3.1e-05
17,1,pc,4,0.8849,3.5878,1.105,0.7486,3.1e-05
17,1,pc,5,0.7511,4.3389,0.9498,0.8086,3.1e-05
17,9,pc,1,3.1755,3.1755,0.3496,0.9143,3.1e-05
17,9,pc,2,2.634,5.8095,0.2244,0.9527,3.1e-05
17,9,pc,3,1.767,7.5765,0.2085,0.9527,3.1e-05
17,9,pc,4,1.4718,9.0483,0.2071,0.9496,3.1e-05
17,9,pc,5,1.103,10.1513,0.1878,0.9569,3.1e-05
17,3,pc,1,5.1633,5.1633,0.4271,0.8916,3.1e-05
17,3,pc,2,3.0091,8.1724,0.3628,0.8945,3.1e-05
17,3,pc,3,2.0887,10.2611,0.3564,0.894,3.1e-05
17,3,pc,4,1.4626,11.7237,0.3467,0.8972,3.1e-05
17,3,pc,5,1.3175,13.0412,0.3413,0.8981,3.1e-05
17,4,pc,1,1.3279,1.3279,0.7049,0.728,3.1e-05
17,4,pc,2,1.1764,2.5043,0.449,0.8654,3.1e-05
17,4,pc,3,1.1416,3.6459,0.3601,0.8952,3.1e-05
17,4,pc,4,1.0145,4.6604,0.3297,0.9221,3.1e-05
17,4,pc,5,0.9032,5.5636,0.3027,0.932,3.1e-05
17,6,pc,1,1.7296,1.7296,0.5194,0.8567,3.1e-05
17,6,pc,2,1.5981,3.3277,0.3901,0.9011,3.1e-05
17,6,pc,3,1.3818,4.7095,0.3718,0.9001,3.1e-05
17,6,pc,4,1.2153,5.9248,0.3533,0.9031,3.1e-05
17,6,pc,5,0.9542,6.879,0.3518,0.9011,3.1e-05
17,5,pc,1,2.8264,2.8264,0.949,0.6771,3.1e-05
17,5,pc,2,2.4266,5.253,0.6541,0.8634,3.1e-05
17,5,pc,3,1.7641,7.0171,0.5584,0.8971,3.1e-05
17,5,pc,4,1.3683,8.3854,0.536,0.8924,3.1e-05
17,5,pc,5,1.1794,9.5648,0.5018,0.9012,3.1e-05
17,7,pc,1,0.7962,0.7962,1.3798,0.5727,3.1e-05
17,7,pc,2,0.6354,1.4316,0.9231,0.7275,3.1e-05
17,7,pc,3,0.6992,2.1308,0.6628,0.8245,3.1e-05
17,7,pc,4,0.6896,2.8204,0.5477,0.8961,3.1e-05
17,7,pc,5,0.6469,3.4673,0.4876,0.8868,3.1e-05
17,2,pc,1,0.2172,0.2172,1.5373,0.3984,3.1e-05
17,2,pc,2,0.2014,0.4186,1.469,0.4146,3.1e-05
17,2,pc,3,0.2658,0.6844,1.3859,0.4309,3.1e-05
17,2,pc,4,0.2181,0.9025,1.333,0.4472,3.1e-05
17,2,pc,5,0.2147,1.1172,1.2552,0.5122,3.1e-05
17,0,pc,1,2.3898,2.3898,0.447,0.8753,3.1e-05
17,0,pc,2,2.2186,4.6084,0.2436,0.9582,3.1e-05
17,0,pc,3,1.6952,6.3036,0.2045,0.9674,3.1e-05
17,0,pc,4,1.264,7.5676,0.1766,0.9724,3.1e-05
17,0,pc,5,1.109,8.6766,0.1599,0.9724,3.1e-05
17,8,pc,1,1.4106,1.4106,0.5278,0.8707,3.1e-05
17,8,pc,2,1.3482,2.7588,0.2717,0.9493,3.1e-05
17,8,pc,3,1.1926,3.9514,0.206,0.9683,3.1e-05
17,8,pc,4,1.0762,5.0276,0.1922,0.9708,3.1e-05
17,8,pc,5,0.9973,6.0249,0.178,0.9747,3.1e-05
18,6,pc,1,1.7309,1.7309,0.5299,0.8587,3.1e-05
18,6,pc,2,1.6154,3.3463,0.4015,0.894,3.1e-05
18,6,pc,3,1.3725,4.7188,0.4075,0.885,3.1e-05
18,6,pc,4,1.2125,5.9313,0.3585,0.8981,3.1e-05
18,6,pc,5,0.8794,6.8107,0.3649,0.892,3.1e-05
18,0,pc,1,2.3922,2.3922,0.4486,0.8618,3.1e-05
18,0,pc,2,2.2102,4.6024,0.2622,0.9483,3.1e-05
18,0,pc,3,1.5809,6.1833,0.1996,0.9702,3.1e-05
18,0,pc,4,1.2182,7.4015,0.1785,0.9717,3.1e-05
18,0,pc,5,1.1639,8.5654,0.1671,0.9745,3.1e-05
18,9,pc,1,3.1588,3.1588,0.3409,0.9169,3.1e-05
18,9,pc,2,2.6102,5.769,0.228,0.9465,3.1e-05
18,9,pc,3,1.6475,7.4165,0.2111,0.9522,3.1e-05
18,9,pc,4,1.5108,8.9273,0.2035,0.9543,3.1e-05
18,9,pc,5,1.1176,10.0449,0.1966,0.9506,3.1e-05
18,8,pc,1,1.3135,1.3135,0.5071,0.8885,3.1e-05
18,8,pc,2,1.2586,2.5721,0.2689,0.9518,3.1e-05
18,8,pc,3,1.3454,3.9175,0.2247,0.9582,3.1e-05
18,8,pc,4,1.0395,4.957,0.2073,0.9594,3.1e-05
18,8,pc,5,0.9408,5.8978,0.1957,0.9696,3.1e-05
18,2,pc,1,0.1994,0.1994,1.5459,0.3984,3.1e-05
18,2,pc,2,0.214,0.4134,1.513,0.3821,3.1e-05
18,2,pc,3,0.2002,0.6136,1.4087,0.439,3.1e-05
18,2,pc,4,0.2452,0.8588,1.333,0.439,3.1e-05
18,2,pc,5,0.2769,1.1357,1.2517,0.4878,3.1e-05
18,3,pc,1,5.1484,5.1484,0.4269,0.8865,3.1e-05
18,3,pc,2,3.0415,8.1899,0.3683,0.8943,3.1e-05
18,3,pc,3,2.0341,10.224,0.35,0.8984,3.1e-05
18,3,pc,4,1.3207,11.5447,0.348,0.8943,3.1e-05
18,3,pc,5,1.3259,12.8706,0.339,0.8993,3.1e-05
18,7,pc,1,0.7624,0.7624,1.3961,0.5589,3.1e-05
18,7,pc,2,0.7806,1.543,0.9309,0.7229,3.1e-05
18,7,pc,3,0.7436,2.2866,0.6858,0.8245,3.1e-05
18,7,pc,4,0.7047,2.9913,0.5891,0.873,3.1e-05
18,7,pc,5,0.7167,3.708,0.4879,0.9076,3.1e-05
18,5,pc,1,2.9151,2.9151,0.9693,0.6647,3.1e-05
18,5,pc,2,2.4058,5.3209,0.6693,0.861,3.1e-05
18,5,pc,3,1.6465,6.9674,0.577,0.8906,3.1e-05
18,5,pc,4,1.3631,8.3305,0.5415,0.9018,3.1e-05
18,5,pc,5,1.1371,9.4676,0.5062,0.8953,3.1e-05
18,1,pc,1,0.9193,0.9193,2.5084,0.2458,3.1e-05
18,1,pc,2,0.8872,1.8065,1.8007,0.4447,3.1e-05
18,1,pc,3,0.9169,2.7234,1.366,0.636,3.1e-05
18,1,pc,4,0.9495,3.6729,1.1234,0.7355,3.1e-05
18,1,pc,5,0.7687,4.4416,0.9775,0.7992,3.1e-05
18,4,pc,1,1.2333,1.2333,0.696,0.711,3.1e-05
18,4,pc,2,1.0839,2.3172,0.4634,0.8598,3.1e-05
18,4,pc,3,1.2043,3.5215,0.3602,0.9023,3.1e-05
18,4,pc,4,1.0523,4.5738,0.3368,0.9193,3.1e-05
18,4,pc,5,0.9237,5.4975,0.3133,0.9249,3.1e-05
19,9,pc,1,3.3085,3.3085,0.4069,0.8971,1.6e-05
19,9,pc,2,2.7392,6.0477,0.2717,0.9397,1.6e-05
19,9,pc,3,1.727,7.7747,0.2401,0.9475,1.6e-05
19,9,pc,4,1.3917,9.1664,0.2185,0.9543,1.6e-05
19,9,pc,5,1.0839,10.2503,0.2105,0.9574,1.6e-05
19,8,pc,1,1.4723,1.4723,0.5615,0.8542,1.6e-05
19,8,pc,2,1.3246,2.7969,0.375,0.924,1.6e-05
19,8,pc,3,1.2568,4.0537,0.2944,0.9404,1.6e-05
19,8,pc,4,1.082,5.1357,0.2622,0.9594,1.6e-05
19,8,pc,5,0.9727,6.1084,0.2361,0.9607,1.6e-05
19,7,pc,1,0.8261,0.8261,1.4669,0.5473,1.6e-05
19,7,pc,2,0.7817,1.6078,1.1485,0.6443,1.6e-05
19,7,pc,3,0.6693,2.2771,0.935,0.7136,1.6e-05
19,7,pc,4,0.7457,3.0228,0.8546,0.7483,1.6e-05
19,7,pc,5,0.7441,3.7669,0.7128,0.8083,1.6e-05
19,3,pc,1,5.2588,5.2588,0.447,0.8922,1.6e-05
19,3,pc,2,3.1622,8.421,0.37,0.9023,1.6e-05
19,3,pc,3,1.9792,10.4002,0.3648,0.8978,1.6e-05
19,3,pc,4,1.3309,11.7311,0.3511,0.8978,1.6e-05
19,3,pc,5,1.3407,13.0718,0.3463,0.8975,1.6e-05
19,2,pc,1,0.2019,0.2019,1.5468,0.4309,1.6e-05
19,2,pc,2,0.2389,0.4408,1.4936,0.4309,1.6e-05
19,2,pc,3,0.2439,0.6847,1.4667,0.4309,1.6e-05
19,2,pc,4,0.235,0.9197,1.4506,0.439,1.6e-05
19,2,pc,5,0.222,1.1417,1.3938,0.4228,1.6e-05
19,6,pc,1,1.7784,1.7784,0.5453,0.8486,1.6e-05
19,6,pc,2,1.735,3.5134,0.4495,0.8799,1.6e-05
19,6,pc,3,1.3784,4.8918,0.4207,0.8809,1.6e-05
19,6,pc,4,1.233,6.1248,0.3852,0.9011,1.6e-05
19,6,pc,5,0.9816,7.1064,0.3872,0.9011,1.6e-05
19,1,pc,1,0.9399,0.9399,2.6609,0.227,1.6e-05
19,1,pc,2,0.9736,1.9135,2.2329,0.3002,1.6e-05
19,1,pc,3,0.8458,2.7593,1.8755,0.4259,1.6e-05
19,1,pc,4,0.9178,3.6771,1.622,0.5272,1.6e-05
19,1,pc,5,0.7237,4.4008,1.4463,0.6041,1.6e-05
19,5,pc,1,2.87,2.87,1.0772,0.5979,1.6e-05
19,5,pc,2,2.4434,5.3134,0.7851,0.7812,1.6e-05
19,5,pc,3,1.8095,7.1229,0.705,0.8332,1.6e-05
19,5,pc,4,1.3106,8.4335,0.6542,0.8669,1.6e-05
19,5,pc,5,1.146,9.5795,0.609,0.8817,1.6e-05
19,0,pc,1,2.248,2.248,0.5076,0.8292,1.6e-05
19,0,pc,2,2.1633,4.4113,0.3297,0.9192,1.6e-05
19,0,pc,3,1.7751,6.1864,0.2608,0.949,1.6e-05
19,0,pc,4,1.287,7.4734,0.2407,0.9568,1.6e-05
19,0,pc,5,1.0868,8.5602,0.2187,0.9639,1.6e-05
19,4,pc,1,1.1978,1.1978,0.7685,0.6756,1.6e-05
19,4,pc,2,1.1629,2.3607,0.6028,0.779,1.6e-05
19,4,pc,3,1.1791,3.5398,0.4684,0.8385,1.6e-05
19,4,pc,4,1.0343,4.5741,0.4166,0.8739,1.6e-05
19,4,pc,5,0.9061,5.4802,0.3969,0.8924,1.6e-05
20,7,pc,1,0.7851,0.7851,1.5013,0.5335,1.6e-05
20,7,pc,2,0.8341,1.6192,1.1762,0.6236,1.6e-05
20,7,pc,3,0.7366,2.3558,0.9462,0.7044,1.6e-05
20,7,pc,4,0.7327,3.0885,0.8379,0.7598,1.6e-05
20,7,pc,5,0.6385,3.727,0.7462,0.8083,1.6e-05
20,8,pc,1,1.1792,1.1792,0.6479,0.8302,1.6e-05
20,8,pc,2,1.0299,2.2091,0.3861,0.9252,1.6e-05
20,8,pc,3,0.9892,3.1983,0.3083,0.943,1.6e-05
20,8,pc,4,0.9785,4.1768,0.2717,0.9531,1.6e-05
20,8,pc,5,0.9165,5.0933,0.2397,0.9556,1.6e-05
20,2,pc,1,0.235,0.235,1.5266,0.4065,1.6e-05
20,2,pc,2,0.2381,0.4731,1.5193,0.4309,1.6e-05
20,2,pc,3,0.2093,0.6824,1.4674,0.4472,1.6e-05
20,2,pc,4,0.251,0.9334,1.459,0.4228,1.6e-05
20,2,pc,5,0.2006,1.134,1.3807,0.4634,1.6e-05
20,6,pc,1,1.6517,1.6517,0.5719,0.8406,1.6e-05
20,6,pc,2,1.5501,3.2018,0.4583,0.8829,1.6e-05
20,6,pc,3,1.3544,4.5562,0.4095,0.8961,1.6e-05
20,6,pc,4,1.1266,5.6828,0.3963,0.8961,1.6e-05
20,6,pc,5,0.9371,6.6199,0.379,0.9031,1.6e-05
20,5,pc,1,2.885,2.885,1.0887,0.5914,1.6e-05
20,5,pc,2,2.363,5.248,0.8126,0.764,1.6e-05
20,5,pc,3,1.5841,6.8321,0.7321,0.8155,1.6e-05
20,5,pc,4,1.4072,8.2393,0.667,0.8581,1.6e-05
20,5,pc,5,1.1758,9.4151,0.6298,0.8675,1.6e-05
20,1,pc,1,1.0198,1.0198,2.6673,0.2176,1.6e-05
20,1,pc,2,0.9293,1.9491,2.2281,0.3114,1.6e-05
20,1,pc,3,0.9208,2.8699,1.8905,0.4296,1.6e-05
20,1,pc,4,0.8643,3.7342,1.648,0.5216,1.6e-05
20,1,pc,5,0.7136,4.4478,1.4748,0.5929,1.6e-05
20,0,pc,1,2.4236,2.4236,0.5343,0.8115,1.6e-05
20,0,pc,2,2.1346,4.5582,0.3365,0.9178,1.6e-05
20,0,pc,3,1.5068,6.065,0.2706,0.9391,1.6e-05
20,0,pc,4,1.221,7.286,0.2359,0.9582,1.6e-05
20,0,pc,5,1.123,8.409,0.2292,0.9617,1.6e-05
20,3,pc,1,5.0622,5.0622,0.4411,0.891,1.6e-05
20,3,pc,2,3.0098,8.072,0.3681,0.9044,1.6e-05
20,3,pc,3,2.136,10.208,0.3623,0.8975,1.6e-05
20,3,pc,4,1.407,11.615,0.3555,0.8957,1.6e-05
20,3,pc,5,1.3363,12.9513,0.3453,0.8969,1.6e-05
20,9,pc,1,3.038,3.038,0.4086,0.8961,1.6e-05
20,9,pc,2,2.6348,5.6728,0.2677,0.9434,1.6e-05
20,9,pc,3,1.7483,7.4211,0.2383,0.9486,1.6e-05
20,9,pc,4,1.4813,8.9024,0.2239,0.9543,1.6e-05
20,9,pc,5,1.1598,10.0622,0.2192,0.9496,1.6e-05
20,4,pc,1,1.2471,1.2471,0.7965,0.6671,1.6e-05
20,4,pc,2,1.1971,2.4442,0.6416,0.7521,1.6e-05
20,4,pc,3,1.0674,3.5116,0.5154,0.8244,1.6e-05
20,4,pc,4,1.0426,4.5542,0.442,0.8527,1.6e-05
20,4,pc,5,0.8998,5.454,0.4025,0.8796,1.6e-05
