server_round,client_id,device_type,num_samples,local_epochs,learning_rate,training_time,epoch_time_avg,epoch_time_min,epoch_time_max,train_loss,train_accuracy,ping_ms,weight_size_kb,cpu_percent,ram_percent,ram_used_mb,gpu_memory_mb
1,8,pc,467,5,0.001,4.27238917350769,0.854477834701538,0.5586247444152832,1.726208209991455,0.05624303052588755,0.9935760171306209,1.0,79.296875,84.4,87.7,20900.5,16.57
2,8,pc,467,5,0.001,3.1104156970977783,0.6216820240020752,0.511150598526001,0.6703503131866455,0.038959299702779636,0.9957173447537473,1.0,79.296875,96.4,87.9,20949.1484375,16.57
3,8,pc,467,5,0.001,3.26362681388855,0.6523241519927978,0.5827281475067139,0.7093632221221924,0.025694544704299924,0.9957173447537473,1.0,79.296875,96.7,88.0,20955.85546875,16.57
4,8,pc,467,5,0.0005,3.078786611557007,0.6157573223114013,0.5108482837677002,0.7193169593811035,0.03800436206624646,0.9978586723768736,1.0,79.296875,96.3,88.1,20977.328125,16.57
5,8,pc,467,5,0.0005,3.2823688983917236,0.6559679985046387,0.5885908603668213,0.7166454792022705,0.03214340939383946,0.9978586723768736,1.0,79.296875,96.3,88.1,20983.9765625,16.57
6,8,pc,467,5,0.0005,2.4661600589752197,0.49323201179504395,0.4410543441772461,0.5349102020263672,0.027599629824402755,0.9978586723768736,1.0,79.296875,96.2,88.0,20971.9140625,16.57
7,8,pc,467,5,0.00025,3.2672431468963623,0.6534486293792725,0.5853657722473145,0.7056503295898438,0.040880546883163414,0.9978586723768736,1.0,79.296875,96.8,88.0,20972.21484375,16.57
8,8,pc,467,5,0.00025,3.2705764770507812,0.6541152954101562,0.5934100151062012,0.7073557376861572,0.03497756108226817,0.9978586723768736,1.0,79.296875,96.7,88.0,20965.26171875,16.57
9,8,pc,467,5,0.00025,3.1424944400787354,0.6280978679656982,0.5528044700622559,0.7274329662322998,0.02930595887310372,0.9978586723768736,1.0,79.296875,96.0,88.0,20972.59765625,16.57
