round,round_time_seconds,total_elapsed_seconds,num_clients_reporting,train_loss_avg,train_accuracy_avg,eval_loss,eval_accuracy,client_train_time_avg,client_train_time_min,client_train_time_max,straggler_time_seconds,epoch_time_avg,total_weight_size_kb,server_overhead_seconds,ping_ms_avg,ping_ms_min,ping_ms_max
1,21.15,25.3094,10,0.25156,0.928255,1.887933,0.420053,6.8128,2.7504,11.0147,8.2643,1.3624,793.0,10.1353,1.0,1.0,1.0
2,9.8457,37.2347,10,0.211026,0.935864,1.736962,0.462146,5.6196,1.4797,9.785,8.3053,1.1237,793.0,0.0607,1.0,1.0,1.0
3,9.7048,49.0195,10,0.193425,0.941968,1.607406,0.462146,5.4087,1.4135,9.6284,8.2149,1.0817,793.0,0.0764,1.0,1.0,1.0
4,9.6368,60.7049,10,0.197865,0.940463,1.526659,0.471207,5.4229,1.4808,9.5692,8.0884,1.0843,793.0,0.0676,1.0,1.0,1.0
5,9.9914,72.832,10,0.187361,0.943474,1.449697,0.511254,5.6464,1.4091,9.9203,8.5112,1.1292,793.0,0.0711,1.0,1.0,1.0
6,9.7694,84.7888,10,0.177516,0.946902,1.443743,0.488746,5.4969,1.3874,9.7005,8.3131,1.0993,793.0,0.0689,1.0,1.0,1.0
7,9.8594,96.8387,10,0.194319,0.946735,1.31973,0.581409,5.574,1.5,9.7906,8.2906,1.1146,793.0,0.0688,1.0,1.0,1.0
8,9.8462,108.799,10,0.187166,0.946902,1.321575,0.595148,5.5106,1.4634,9.7923,8.3289,1.1018,793.0,0.0539,1.0,1.0,1.0
9,9.903,120.8657,10,0.185091,0.946651,1.294723,0.604794,5.6524,1.478,9.8424,8.3644,1.1303,793.0,0.0606,1.0,1.0,1.0
10,9.8507,132.8977,10,0.212192,0.94732,1.242261,0.639579,5.5436,1.4459,9.7903,8.3444,1.1086,793.0,0.0604,1.0,1.0,1.0
11,9.785,144.8352,10,0.210399,0.947822,1.229765,0.665887,5.5969,1.4245,9.6996,8.2751,1.1192,793.0,0.0854,1.0,1.0,1.0
12,9.8227,156.7226,10,0.206049,0.949912,1.227982,0.652148,5.5549,1.4856,9.762,8.2764,1.1108,793.0,0.0607,1.0,1.0,1.0
13,9.8446,168.6423,10,0.261961,0.94431,1.195737,0.661502,5.4977,1.4604,9.7844,8.324,1.0994,793.0,0.0602,1.0,1.0,1.0
14,9.7834,180.5053,10,0.263438,0.943892,1.196382,0.665303,5.4909,1.3949,9.6868,8.2919,1.0979,793.0,0.0966,1.0,1.0,1.0
15,9.8275,192.3982,10,0.263384,0.943724,1.18969,0.663841,5.4484,1.4846,9.742,8.2574,1.0895,793.0,0.0855,1.0,1.0,1.0
16,9.8479,204.3317,10,0.342859,0.939209,1.172162,0.650102,5.5537,1.4629,9.777,8.3141,1.1106,793.0,0.0709,1.0,1.0,1.0
17,9.83,216.2591,10,0.35201,0.937537,1.175266,0.648056,5.6013,1.437,9.7682,8.3312,1.1201,793.0,0.0618,1.0,1.0,1.0
