strategy,alpha,round,eval_accuracy,eval_loss,train_accuracy_avg,train_loss_avg,round_time_seconds,total_elapsed_seconds
fedavg,1.0,1,0.656241,1.264617,0.729325,0.877157,20.9182,25.0756
fedavg,1.0,2,0.734873,0.901274,0.795719,0.678393,9.4326,36.5921
fedavg,1.0,3,0.793335,0.721356,0.827828,0.571321,9.4402,48.1727
fedavg,1.0,4,0.820228,0.643594,0.843632,0.515385,9.4818,59.7393
fedavg,1.0,5,0.822274,0.618178,0.854921,0.486164,9.0926,71.0114
fedavg,1.0,6,0.832505,0.583749,0.858851,0.460497,9.3734,82.4664
fedavg,1.0,7,0.842736,0.548251,0.867046,0.442072,9.499,94.0344
fedavg,1.0,8,0.845951,0.534771,0.868384,0.432673,9.4473,105.5663
fedavg,1.0,9,0.836597,0.543013,0.870558,0.420758,9.5506,117.1559
fedavg,1.0,10,0.849459,0.516346,0.873484,0.423664,9.4864,128.7267
fedavg,1.0,11,0.846244,0.521806,0.874153,0.414583,9.5141,140.366
fedavg,1.0,12,0.841567,0.517989,0.873903,0.413576,9.5096,151.9694
fedavg,1.0,13,0.850044,0.505928,0.874822,0.420962,9.5245,163.5669
fedavg,1.0,14,0.850044,0.502578,0.872732,0.423474,9.4873,175.1615
fedavg,1.0,15,0.850628,0.495123,0.876327,0.415141,9.49,186.7451
fedavg,1.0,16,0.849167,0.492713,0.873903,0.432418,9.4825,198.3088
fedavg,1.0,17,0.850628,0.490577,0.872314,0.431551,9.579,209.9588
fedavg,1.0,18,0.850336,0.488766,0.870892,0.435399,9.4816,221.5094
fedavg,1.0,19,0.849752,0.487115,0.866126,0.451477,9.7494,233.4596
fedavg,1.0,20,0.849167,0.486764,0.864454,0.453573,9.5884,245.1924
fedprox,1.0,1,0.625548,1.24516,0.712434,0.951678,22.4341,26.5381
fedprox,1.0,2,0.758842,0.966723,0.775399,0.744504,10.9012,39.6374
fedprox,1.0,3,0.787197,0.758905,0.813446,0.624351,10.9891,52.7397
fedprox,1.0,4,0.819059,0.683726,0.833096,0.554073,11.0794,65.9346
fedprox,1.0,5,0.826659,0.642221,0.844469,0.513955,12.2809,80.4673
fedprox,1.0,6,0.836305,0.595307,0.854503,0.485885,12.0416,94.6233
fedprox,1.0,7,0.842736,0.573178,0.859269,0.461722,11.883,108.6148
fedprox,1.0,8,0.846828,0.54996,0.864119,0.450019,11.9117,122.738
fedprox,1.0,9,0.842444,0.539949,0.867966,0.437222,11.7444,136.6216
fedprox,1.0,10,0.851505,0.527846,0.871143,0.434159,11.8376,150.5395
fedprox,1.0,11,0.849167,0.52244,0.873903,0.428078,12.0342,164.7484
fedprox,1.0,12,0.852967,0.516624,0.875157,0.420156,12.1354,178.9779
fedprox,1.0,13,0.850628,0.516089,0.874571,0.426125,11.1789,192.3601
fedprox,1.0,14,0.853259,0.511467,0.872481,0.429532,10.9172,205.3677
fedprox,1.0,15,0.853844,0.505945,0.875408,0.424462,10.487,217.9453
fedprox,1.0,16,0.854136,0.50149,0.870391,0.437475,10.5,230.5942
fedprox,1.0,17,0.855598,0.499879,0.872147,0.438281,10.7982,243.4582
fedprox,1.0,18,0.852675,0.499449,0.872565,0.437648,10.8515,256.3978
fedprox,1.0,19,0.855598,0.495785,0.867631,0.455415,10.9174,269.3994
fedprox,1.0,20,0.854721,0.4972,0.864286,0.458644,10.858,282.329
fednova,1.0,1,0.654779,1.220126,0.732586,0.87581,20.9531,25.0925
fednova,1.0,2,0.770243,0.945709,0.796722,0.680281,9.3662,36.6739
fednova,1.0,3,0.82169,0.734796,0.827912,0.571265,9.4031,48.0883
fednova,1.0,4,0.831336,0.648637,0.846977,0.514201,9.4594,59.6169
fednova,1.0,5,0.836013,0.64237,0.856008,0.479695,9.5279,71.2112
fednova,1.0,6,0.839521,0.564812,0.862196,0.455009,9.4523,82.7766
fednova,1.0,7,0.853259,0.540314,0.869303,0.435716,9.4674,94.3097
fednova,1.0,8,0.846536,0.530954,0.871896,0.424442,9.2343,105.5846
fednova,1.0,9,0.851213,0.513935,0.872397,0.419242,9.4878,117.1433
fednova,1.0,10,0.850044,0.519391,0.874655,0.41322,9.6213,128.9112
fednova,1.0,11,0.854721,0.500063,0.87616,0.409058,9.4753,140.4965
fednova,1.0,12,0.859982,0.495075,0.876578,0.40553,9.5461,152.1237
fednova,1.0,13,0.862321,0.486985,0.878836,0.411403,9.5175,163.7094
fednova,1.0,14,0.863783,0.487993,0.882181,0.408209,9.3769,175.2131
fednova,1.0,15,0.863198,0.485803,0.880508,0.409118,9.5397,186.8099
fednova,1.0,16,0.864075,0.483541,0.880258,0.422048,9.1977,198.0727
fednova,1.0,17,0.862613,0.486865,0.878167,0.424747,9.4849,209.6232
fednova,1.0,18,0.862321,0.486211,0.875658,0.425656,9.0987,220.8211
fednova,1.0,19,0.865244,0.479071,0.872899,0.444344,9.4618,232.3934
fednova,1.0,20,0.865829,0.479021,0.871561,0.442376,9.7804,244.2668
fedbn,1.0,1,0.290354,2.165229,0.727318,0.890256,21.8191,26.2312
fedbn,1.0,2,0.353084,2.565111,0.78719,0.689805,9.8786,38.4614
fedbn,1.0,3,0.432651,1.634411,0.822477,0.58389,9.7208,50.4177
fedbn,1.0,4,0.626045,1.079324,0.841709,0.523714,9.3034,61.7995
fedbn,1.0,5,0.643964,0.976081,0.851075,0.488393,9.2067,73.1062
fedbn,1.0,6,0.667729,0.927283,0.861025,0.460105,9.2478,84.4702
fedbn,1.0,7,0.671704,0.903935,0.869053,0.439272,9.2681,95.8203
scaffold,1.0,1,0.640164,1.269798,0.728155,0.888739,21.5239,25.8527
scaffold,1.0,2,0.771412,0.856671,0.789782,0.705579,9.8227,37.8047
scaffold,1.0,3,0.814674,0.699653,0.830588,0.588841,9.8124,49.7048
scaffold,1.0,4,0.810289,0.667516,0.850155,0.519955,10.0092,61.7903
scaffold,1.0,5,0.841274,0.57704,0.856175,0.496184,9.966,73.8302
scaffold,1.0,6,0.852382,0.545425,0.865123,0.47251,9.8365,85.7453
scaffold,1.0,7,0.852675,0.523819,0.873484,0.451435,9.8886,97.7239
scaffold,1.0,8,0.862613,0.507722,0.872815,0.44179,9.9721,109.7586
scaffold,1.0,9,0.861736,0.500969,0.875157,0.439008,9.8574,121.676
scaffold,1.0,10,0.86349,0.480253,0.881512,0.420677,10.0201,133.7622
scaffold,1.0,11,0.869336,0.477921,0.880007,0.423212,9.9666,145.8085
scaffold,1.0,12,0.869921,0.472449,0.877916,0.426408,9.7803,157.6516
scaffold,1.0,13,0.864952,0.466249,0.879254,0.423911,9.8164,169.5281
scaffold,1.0,14,0.86846,0.460788,0.877916,0.42685,10.4831,182.0677
scaffold,1.0,15,0.869629,0.457957,0.88009,0.427916,11.9513,196.4425
scaffold,1.0,16,0.869336,0.454334,0.875073,0.431927,11.5943,210.4999
scaffold,1.0,17,0.869336,0.45568,0.874488,0.444948,11.6957,224.5498
scaffold,1.0,18,0.870798,0.454411,0.872732,0.450668,11.7554,238.7706
scaffold,1.0,19,0.87109,0.449612,0.875073,0.452915,18.4782,259.447
scaffold,1.0,20,0.869044,0.448873,0.866544,0.467987,13.5617,275.2927
fedavg,0.3,1,0.451622,1.589283,0.853834,0.531773,26.5371,31.9555
fedavg,0.3,2,0.653025,1.187499,0.88193,0.420971,15.9027,50.9302
fedavg,0.3,3,0.668226,1.028857,0.9025,0.352014,13.5729,67.1426
fedavg,0.3,4,0.758842,0.830246,0.909608,0.33031,13.3054,83.005
fedavg,0.3,5,0.757381,0.79618,0.918722,0.307215,13.5158,99.2646
fedavg,0.3,6,0.781643,0.735624,0.918555,0.294148,13.1421,115.0306
fedavg,0.3,7,0.793335,0.678412,0.920227,0.289513,13.3286,130.9485
fedavg,0.3,8,0.794505,0.652018,0.9219,0.282643,12.9624,146.4433
fedavg,0.3,9,0.800643,0.640208,0.924826,0.274504,12.9873,162.0426
fedavg,0.3,10,0.814966,0.60766,0.922485,0.285173,13.0956,177.7242
fedavg,0.3,11,0.821105,0.601866,0.925495,0.280558,13.1241,193.4895
fedavg,0.3,12,0.827536,0.59509,0.927001,0.275624,12.9388,209.0913
fedavg,0.3,13,0.819351,0.592496,0.920227,0.306795,13.0344,224.722
fedavg,0.3,14,0.832213,0.571052,0.923823,0.302094,13.0905,240.4123
fedavg,0.3,15,0.824905,0.576782,0.924074,0.30156,13.1921,256.2218
fedavg,0.3,16,0.832505,0.564167,0.915127,0.351201,13.0081,271.8713
fedavg,0.3,17,0.830751,0.562971,0.915712,0.347515,13.1043,287.5228
fedavg,0.3,18,0.834259,0.554503,0.913036,0.353862,12.9332,303.0107
fedavg,0.3,19,0.827536,0.550551,0.895727,0.418719,13.1353,318.7158
fedavg,0.3,20,0.828413,0.550632,0.891044,0.426226,13.0105,334.2843
fedprox,0.3,1,0.590763,1.623978,0.849987,0.595259,29.8502,34.9142
fedprox,0.3,2,0.667349,1.20502,0.876495,0.475683,16.1998,53.7416
fedprox,0.3,3,0.71938,0.987836,0.894306,0.39856,15.8774,72.2089
fedprox,0.3,4,0.738673,0.866449,0.905594,0.361681,16.1666,90.9901
fedprox,0.3,5,0.767027,0.813546,0.909273,0.335628,15.9101,109.5202
fedprox,0.3,6,0.775212,0.751637,0.917552,0.31102,15.8211,127.9419
fedprox,0.3,7,0.79012,0.711357,0.919726,0.305394,16.1867,146.7033
fedprox,0.3,8,0.796551,0.689199,0.919391,0.29996,16.0601,165.3529
fedprox,0.3,9,0.808536,0.665744,0.921983,0.288288,16.4787,184.4429
fedprox,0.3,10,0.807366,0.63966,0.920813,0.302226,17.6567,205.0015
fedprox,0.3,11,0.818182,0.626848,0.925328,0.294902,16.1921,223.7339
fedprox,0.3,12,0.817597,0.61599,0.922151,0.293731,16.0501,242.3857
fedprox,0.3,13,0.820228,0.609401,0.919558,0.323026,16.0893,261.1693
fedprox,0.3,14,0.822274,0.600701,0.919726,0.321764,16.3139,280.0983
fedprox,0.3,15,0.821105,0.601216,0.91914,0.321383,16.2021,298.9495
fedprox,0.3,16,0.822274,0.591831,0.911615,0.365849,17.2158,318.7477
fedprox,0.3,17,0.818182,0.590806,0.913371,0.363332,16.2019,337.5346
fedprox,0.3,18,0.82432,0.586362,0.909441,0.367692,15.9429,356.1267
fedprox,0.3,19,0.815551,0.582412,0.895225,0.42683,16.0557,374.8295
fedprox,0.3,20,0.814674,0.580543,0.88979,0.435722,15.9231,393.3295
fednova,0.3,1,0.391698,1.71484,0.863367,0.518123,28.88,33.3859
fednova,0.3,2,0.366267,1.422687,0.885275,0.415632,13.2232,49.2315
fednova,0.3,3,0.522947,1.201946,0.902333,0.351881,13.5785,65.3821
fednova,0.3,4,0.577024,1.0429,0.907768,0.331894,13.2629,81.1832
fednova,0.3,5,0.601871,1.009206,0.914959,0.310795,12.8423,96.6224
fednova,0.3,6,0.640456,0.941929,0.918388,0.296187,12.7575,111.9438
fednova,0.3,7,0.698042,0.794623,0.92098,0.293369,13.5013,128.0152
fednova,0.3,8,0.712949,0.780775,0.922652,0.28545,12.714,143.2921
fednova,0.3,9,0.747442,0.717434,0.924576,0.276163,12.6408,158.5039
fednova,0.3,10,0.764396,0.713307,0.922485,0.291322,12.7763,173.8426
fednova,0.3,11,0.764396,0.684453,0.921147,0.291053,12.9034,189.2939
fednova,0.3,12,0.771412,0.689282,0.920646,0.285647,12.7386,204.5706
fednova,0.3,13,0.785735,0.663515,0.920646,0.310525,12.8942,219.9591
fednova,0.3,14,0.79012,0.650808,0.920813,0.305346,13.4533,235.9857
fednova,0.3,15,0.786612,0.659167,0.919391,0.307377,13.7339,252.6736
fednova,0.3,16,0.813213,0.632132,0.914541,0.343909,13.0415,268.2901
fednova,0.3,17,0.809412,0.633607,0.915545,0.346079,12.7747,283.6206
fednova,0.3,18,0.815843,0.632793,0.916548,0.346354,12.89,299.1071
fednova,0.3,19,0.826367,0.623561,0.910277,0.398868,12.6743,314.3265
fednova,0.3,20,0.826367,0.624585,0.906681,0.406211,12.4501,329.25
fedbn,0.3,1,0.245104,3.24807,0.851409,0.531465,25.7035,30.2832
fedbn,0.3,2,0.32967,2.829257,0.881512,0.419944,12.3956,45.1514
fedbn,0.3,3,0.406168,2.238146,0.902584,0.356462,12.5741,60.2116
fedbn,0.3,4,0.454809,2.126188,0.909859,0.330787,12.3804,75.0788
fedbn,0.3,5,0.394008,2.641414,0.916297,0.303335,12.3281,89.936
fedbn,0.3,6,0.434405,2.406571,0.922485,0.278885,12.5705,104.9964
scaffold,0.3,1,0.577609,1.559223,0.854001,0.534659,27.853,32.4201
scaffold,0.3,2,0.643379,1.170504,0.875575,0.485531,13.7472,48.8556
scaffold,0.3,3,0.558024,1.131997,0.89648,0.415185,13.9245,65.3754
scaffold,0.3,4,0.719673,0.849936,0.90158,0.366758,14.4019,82.3444
scaffold,0.3,5,0.71938,0.894765,0.909106,0.34507,14.0644,98.9486
scaffold,0.3,6,0.780474,0.81929,0.911949,0.341283,13.8375,115.3308
scaffold,0.3,7,0.809705,0.675819,0.915294,0.32884,14.424,132.3628
scaffold,0.3,8,0.801812,0.727739,0.915628,0.33164,11.8249,146.7937
scaffold,0.3,9,0.748612,0.79644,0.915127,0.338516,11.1812,160.1977
scaffold,0.3,10,0.798012,0.696975,0.918304,0.333291,11.3613,173.6929
scaffold,0.3,11,0.825782,0.671265,0.917552,0.341269,11.3252,187.1895
scaffold,0.3,12,0.821397,0.648623,0.920646,0.343728,11.4487,200.7742
scaffold,0.3,13,0.831044,0.623506,0.918973,0.349112,11.1201,214.0404
scaffold,0.3,14,0.826951,0.619291,0.918388,0.359892,11.3731,227.5826
scaffold,0.3,15,0.795381,0.665358,0.914625,0.372373,11.3811,241.1148
scaffold,0.3,16,0.813213,0.643449,0.915043,0.382701,11.6593,254.9278
scaffold,0.3,17,0.834259,0.61845,0.912618,0.399504,11.3171,268.4363
scaffold,0.3,18,0.841274,0.601006,0.905343,0.414372,11.3144,281.9223
scaffold,0.3,19,0.842444,0.585044,0.904591,0.424053,11.3411,295.4383
scaffold,0.3,20,0.840105,0.585212,0.89673,0.452622,11.298,308.9069
fedavg,0.1,1,0.420053,1.887933,0.928255,0.25156,21.15,25.3094
fedavg,0.1,2,0.462146,1.736962,0.935864,0.211026,9.8457,37.2347
fedavg,0.1,3,0.462146,1.607406,0.941968,0.193425,9.7048,49.0195
fedavg,0.1,4,0.471207,1.526659,0.940463,0.197865,9.6368,60.7049
fedavg,0.1,5,0.511254,1.449697,0.943474,0.187361,9.9914,72.832
fedavg,0.1,6,0.488746,1.443743,0.946902,0.177516,9.7694,84.7888
fedavg,0.1,7,0.581409,1.31973,0.946735,0.194319,9.8594,96.8387
fedavg,0.1,8,0.595148,1.321575,0.946902,0.187166,9.8462,108.799
fedavg,0.1,9,0.604794,1.294723,0.946651,0.185091,9.903,120.8657
fedavg,0.1,10,0.639579,1.242261,0.94732,0.212192,9.8507,132.8977
fedavg,0.1,11,0.665887,1.229765,0.947822,0.210399,9.785,144.8352
fedavg,0.1,12,0.652148,1.227982,0.949912,0.206049,9.8227,156.7226
fedavg,0.1,13,0.661502,1.195737,0.94431,0.261961,9.8446,168.6423
fedavg,0.1,14,0.665303,1.196382,0.943892,0.263438,9.7834,180.5053
fedavg,0.1,15,0.663841,1.18969,0.943724,0.263384,9.8275,192.3982
fedavg,0.1,16,0.650102,1.172162,0.939209,0.342859,9.8479,204.3317
fedavg,0.1,17,0.648056,1.175266,0.937537,0.35201,9.83,216.2591
fedprox,0.1,1,0.532008,1.807335,0.924743,0.289193,22.4714,26.6213
fedprox,0.1,2,0.572347,1.639373,0.934359,0.243468,11.1048,39.7718
fedprox,0.1,3,0.661795,1.507389,0.94038,0.222041,11.253,53.0862
fedprox,0.1,4,0.615025,1.435495,0.939794,0.218096,10.9284,66.0803
fedprox,0.1,5,0.521485,1.419919,0.943223,0.205026,11.0569,79.1643
fedprox,0.1,6,0.648933,1.341101,0.94523,0.197103,11.2395,92.4712
fedprox,0.1,7,0.663256,1.295323,0.943892,0.207773,11.2336,105.7516
fedprox,0.1,8,0.66121,1.276041,0.946149,0.202286,11.023,118.8312
fedprox,0.1,9,0.681964,1.251001,0.946484,0.199378,11.2821,132.1805
fedprox,0.1,10,0.667641,1.224878,0.94548,0.222977,11.1885,145.4437
fedprox,0.1,11,0.658872,1.221247,0.943724,0.222741,11.2787,158.8499
fedprox,0.1,12,0.659749,1.220944,0.945397,0.222068,11.2108,172.1483
fedprox,0.1,13,0.650979,1.208293,0.942052,0.27312,11.2609,185.4637
fedprox,0.1,14,0.646302,1.212001,0.944393,0.272532,11.0698,198.6132
fedprox,0.1,15,0.636364,1.213825,0.94339,0.277188,11.2013,211.8645
fednova,0.1,1,0.109909,1.905204,0.924994,0.25094,21.1287,25.2373
fednova,0.1,2,0.499854,1.69776,0.932185,0.21594,9.8392,37.144
fednova,0.1,3,0.38556,1.837879,0.941718,0.192429,9.8695,49.0873
fednova,0.1,4,0.499562,1.598845,0.940129,0.201688,9.8263,61.0053
fednova,0.1,5,0.439345,1.581829,0.938958,0.196776,9.7553,72.8201
fednova,0.1,6,0.473253,1.516052,0.944393,0.187549,9.8337,84.7572
fednova,0.1,7,0.458053,1.504262,0.942972,0.1959,9.8056,96.6355
fednova,0.1,8,0.506285,1.436512,0.943808,0.192849,9.8093,108.5374
fednova,0.1,9,0.513885,1.421738,0.947236,0.191033,9.7228,120.321
fednova,0.1,10,0.562993,1.341414,0.941885,0.209409,9.8394,132.2721
fednova,0.1,11,0.540193,1.362609,0.94431,0.208528,9.8108,144.1529
fednova,0.1,12,0.561532,1.332754,0.944477,0.206302,9.8049,156.0404
fednova,0.1,13,0.579947,1.28587,0.941299,0.239736,9.8722,167.973
fednova,0.1,14,0.588717,1.295876,0.941467,0.239966,9.7882,179.8285
fednova,0.1,15,0.598655,1.279125,0.940881,0.241258,9.8957,191.7716
fednova,0.1,16,0.609763,1.28373,0.938206,0.292231,9.9961,203.8415
fednova,0.1,17,0.615025,1.267349,0.937035,0.297725,9.8135,215.7399
fednova,0.1,18,0.613856,1.274466,0.938038,0.299654,9.8475,227.6565
fednova,0.1,19,0.627887,1.248605,0.933105,0.377279,9.8281,239.5589
fednova,0.1,20,0.631979,1.247217,0.932352,0.386897,9.7998,251.4208
fedbn,0.1,1,0.200672,2.706688,0.927502,0.245644,21.215,25.3399
fedbn,0.1,2,0.227682,2.605171,0.935028,0.210137,9.8334,37.2437
fedbn,0.1,3,0.216925,3.158712,0.943975,0.183019,9.8739,49.1796
fedbn,0.1,4,0.208185,2.750978,0.943808,0.187946,9.8887,61.1474
fedbn,0.1,5,0.216369,2.94305,0.94916,0.174099,9.8223,73.0069
fedbn,0.1,6,0.200555,2.956863,0.94941,0.167158,9.8305,84.877
fedbn,0.1,7,0.26045,2.857593,0.948742,0.173274,9.8275,96.7763
scaffold,0.1,1,0.345221,1.82999,0.926582,0.247559,21.9057,26.0342
scaffold,0.1,2,0.324759,2.976109,0.927502,0.300318,10.5906,38.7214
scaffold,0.1,3,0.330897,2.79611,0.926081,0.305793,10.5694,51.3666
scaffold,0.1,4,0.305174,1.805617,0.927335,0.297645,10.6208,64.0534
scaffold,0.1,5,0.507162,1.396825,0.930011,0.294444,10.5774,76.7238
scaffold,0.1,6,0.506577,1.378664,0.932938,0.280575,10.5644,89.3787
scaffold,0.1,7,0.504823,1.417617,0.931516,0.280454,10.636,102.0779
scaffold,0.1,8,0.594271,1.341173,0.93369,0.278172,10.6601,114.8011
scaffold,0.1,9,0.495761,1.356219,0.932687,0.279102,10.5671,127.4733
scaffold,0.1,10,0.545747,1.219585,0.935362,0.275921,10.6004,140.1477
scaffold,0.1,11,0.543993,1.180916,0.934944,0.286654,10.6132,152.8192
scaffold,0.1,12,0.65361,1.13102,0.937871,0.286262,10.6423,165.5369
scaffold,0.1,13,0.574101,1.147202,0.935948,0.297155,10.5986,178.213
scaffold,0.1,14,0.620286,1.080382,0.936282,0.303649,10.5981,190.876
scaffold,0.1,15,0.628764,1.068616,0.934861,0.309489,10.6302,203.5768
scaffold,0.1,16,0.648056,1.068032,0.935864,0.317544,10.581,216.2083
scaffold,0.1,17,0.634025,1.07405,0.934944,0.339537,10.5216,228.8523
scaffold,0.1,18,0.599532,1.117825,0.934275,0.353886,10.5711,241.5356
