strategy,alpha,num_clients,rounds_requested,rounds_completed,local_epochs,batch_size,lr_mode,learning_rate,final_test_accuracy,best_test_accuracy,best_round,final_test_loss,best_test_loss,total_time_seconds,avg_round_time_seconds,early_stopped,status,run_dir
fedavg,1.0,10,20,20,5,32,server_decay,0.001,0.849167,0.8506,15,0.486764,0.4951,245.19,10.06,False,completed,results\simulation\20261003_183757\alpha_1.0\fedavg
fedprox,1.0,10,20,20,5,32,server_decay,0.001,0.854721,0.8556,17,0.4972,0.4999,282.33,11.89,False,completed,results\simulation\20261003_183757\alpha_1.0\fedprox
fednova,1.0,10,20,20,5,32,server_decay,0.001,0.865829,0.8658,20,0.479021,0.479,244.27,10.02,False,completed,results\simulation\20261003_183757\alpha_1.0\fednova
fedbn,1.0,10,20,7,5,32,server_decay,0.001,0.671704,0.6717,7,0.903935,0.9039,95.82,11.21,True,completed,results\simulation\20261003_183757\alpha_1.0\fedbn
scaffold,1.0,10,20,20,5,32,server_decay,0.001,0.869044,0.8711,19,0.448873,0.4496,275.29,11.49,False,completed,results\simulation\20261003_183757\alpha_1.0\scaffold
fedavg,0.3,10,20,20,5,32,server_decay,0.001,0.828413,0.8343,18,0.550632,0.5545,334.28,13.95,False,completed,results\simulation\20261003_183757\alpha_0.3\fedavg
fedprox,0.3,10,20,20,5,32,server_decay,0.001,0.814674,0.8243,18,0.580543,0.5864,393.33,16.92,False,completed,results\simulation\20261003_183757\alpha_0.3\fedprox
fednova,0.3,10,20,20,5,32,server_decay,0.001,0.826367,0.8264,19,0.624585,0.6236,329.25,13.79,False,completed,results\simulation\20261003_183757\alpha_0.3\fednova
fedbn,0.3,10,20,6,5,32,server_decay,0.001,0.434405,0.4548,4,2.406571,2.1262,105.0,14.66,True,completed,results\simulation\20261003_183757\alpha_0.3\fedbn
scaffold,0.3,10,20,20,5,32,server_decay,0.001,0.840105,0.8424,19,0.585212,0.585,308.91,13.01,False,completed,results\simulation\20261003_183757\alpha_0.3\scaffold
fedavg,0.1,10,20,17,5,32,server_decay,0.001,0.648056,0.6659,11,1.175266,1.2298,216.26,10.49,True,completed,results\simulation\20261003_183757\alpha_0.1\fedavg
fedprox,0.1,10,20,15,5,32,server_decay,0.001,0.636364,0.682,9,1.213825,1.251,211.86,11.92,True,completed,results\simulation\20261003_183757\alpha_0.1\fedprox
fednova,0.1,10,20,20,5,32,server_decay,0.001,0.631979,0.632,20,1.247217,1.2472,251.42,10.39,False,completed,results\simulation\20261003_183757\alpha_0.1\fednova
fedbn,0.1,10,20,7,5,32,server_decay,0.001,0.26045,0.2605,7,2.857593,2.8576,96.78,11.47,True,completed,results\simulation\20261003_183757\alpha_0.1\fedbn
scaffold,0.1,10,20,18,5,32,server_decay,0.001,0.599532,0.6536,12,1.117825,1.131,241.54,11.22,True,completed,results\simulation\20261003_183757\alpha_0.1\scaffold
