round,client_id,device_type,num_samples,local_epochs,learning_rate,training_time_seconds,epoch_time_avg,epoch_time_min,epoch_time_max,train_loss,train_accuracy,ping_ms,weight_size_kb,cpu_percent,ram_percent,ram_used_mb,gpu_memory_mb
1,6,pc,1386,5,0.001,10.5142,2.1026,1.0379,3.6961,0.969179,0.717172,1.0,79.3,90.6,91.2,21731.75,16.65
1,0,pc,486,5,0.001,5.5044,1.1009,0.8066,2.1819,1.018281,0.701646,1.0,79.3,84.5,91.2,21717.8,16.65
1,8,pc,1271,5,0.001,10.1304,2.026,1.0825,3.5292,1.056,0.707317,1.0,79.3,90.4,91.2,21730.16,16.65
1,1,pc,1726,5,0.001,11.4535,2.2907,1.0123,4.358,0.973834,0.654114,1.0,79.3,90.8,89.1,21235.5,16.65
1,4,pc,833,5,0.001,8.2278,1.6456,1.2705,2.8282,1.054637,0.678271,1.0,79.3,88.5,91.2,21718.8,16.65
1,3,pc,1174,5,0.001,9.7817,1.9557,1.0647,3.431,0.771393,0.787905,1.0,79.3,89.6,91.3,21748.34,16.65
1,7,pc,833,5,0.001,8.2225,1.6445,1.2857,2.8293,1.148098,0.656663,1.0,79.3,88.6,91.2,21718.79,16.65
1,9,pc,1216,5,0.001,8.1389,1.6277,1.2286,2.8589,0.782212,0.785362,1.0,79.3,88.9,91.2,21719.02,16.65
1,5,pc,2075,5,0.001,12.3281,2.4656,0.9876,4.9692,0.815232,0.768675,1.0,79.3,90.3,88.5,21087.62,16.65
1,2,pc,959,5,0.001,8.7842,1.7566,1.1258,2.9763,1.185268,0.594369,1.0,79.3,88.6,91.2,21718.96,16.65
2,9,pc,1216,5,0.001,8.4588,1.6914,1.2161,1.9932,0.657087,0.803454,1.0,79.3,92.6,84.9,20234.22,16.65
2,5,pc,2075,5,0.001,10.8445,2.1683,0.9635,3.3502,0.62953,0.835181,1.0,79.3,91.7,81.1,19309.33,16.65
2,4,pc,833,5,0.001,6.5691,1.3135,1.2267,1.4149,0.850434,0.691477,1.0,79.3,91.4,85.0,20248.21,16.65
2,1,pc,1726,5,0.001,10.0491,2.009,1.0186,2.8156,0.802208,0.725377,1.0,79.3,91.6,83.3,19843.12,16.65
2,3,pc,1174,5,0.001,8.3483,1.6692,1.2316,1.9747,0.552073,0.846678,1.0,79.3,91.6,84.9,20234.36,16.65
2,0,pc,486,5,0.001,3.9627,0.7925,0.7658,0.812,0.709246,0.792181,1.0,79.3,91.5,85.0,20237.46,16.65
2,6,pc,1386,5,0.001,9.1528,1.8305,1.084,2.2829,0.703987,0.80303,1.0,79.3,91.6,84.1,20045.09,16.65
2,2,pc,959,5,0.001,7.279,1.4554,1.2406,1.607,0.981689,0.666319,1.0,79.3,91.5,84.9,20235.09,16.65
2,8,pc,1271,5,0.001,8.6261,1.7243,1.1424,2.0877,0.807302,0.785995,1.0,79.3,91.5,84.9,20220.34,16.65
2,7,pc,833,5,0.001,6.4609,1.2922,1.1596,1.3797,0.923332,0.726291,1.0,79.3,91.4,85.0,20244.69,16.65
3,4,pc,833,5,0.001,6.6476,1.3291,1.2266,1.4363,0.721198,0.763505,1.0,79.3,92.1,77.7,18506.18,16.65
3,1,pc,1726,5,0.001,10.1296,2.0255,1.009,2.9767,0.683009,0.775782,1.0,79.3,92.1,77.2,18384.26,16.65
3,8,pc,1271,5,0.001,8.8378,1.7676,1.0063,2.1656,0.69182,0.796223,1.0,79.3,92.2,77.7,18507.21,16.65
3,5,pc,2075,5,0.001,10.9297,2.1859,1.0032,3.481,0.513266,0.859759,1.0,79.3,92.1,74.7,17804.82,16.65
3,2,pc,959,5,0.001,7.4487,1.4885,1.2964,1.6365,0.844653,0.72367,1.0,79.3,92.1,77.7,18510.64,16.65
3,6,pc,1386,5,0.001,7.7078,1.5416,1.3768,1.7128,0.581448,0.840548,1.0,79.3,91.0,77.8,18521.07,16.65
3,0,pc,486,5,0.001,4.0592,0.8114,0.7912,0.84,0.56326,0.849794,1.0,79.3,92.1,77.7,18499.39,16.65
3,7,pc,833,5,0.001,6.7285,1.3457,1.2527,1.4209,0.780791,0.786315,1.0,79.3,92.2,77.7,18505.83,16.65
3,9,pc,1216,5,0.001,8.6266,1.7253,1.0616,2.0307,0.560983,0.824013,1.0,79.3,92.2,77.7,18507.9,16.65
3,3,pc,1174,5,0.001,8.4755,1.6951,1.0597,2.01,0.443306,0.875639,1.0,79.3,92.1,77.7,18508.41,16.65
4,7,pc,833,5,0.0005,6.5715,1.3142,1.2485,1.3618,0.656988,0.834334,1.0,79.3,91.6,73.7,17567.52,16.65
4,1,pc,1726,5,0.0005,10.1344,2.0265,1.0187,2.8028,0.610258,0.804751,1.0,79.3,91.7,72.6,17284.1,16.65
4,9,pc,1216,5,0.0005,8.7191,1.7434,1.2183,2.0322,0.502942,0.851974,1.0,79.3,91.7,73.8,17570.93,16.65
4,5,pc,2075,5,0.0005,11.0194,2.2039,1.1245,3.3906,0.470606,0.869398,1.0,79.3,91.9,69.8,16616.88,16.65
4,8,pc,1271,5,0.0005,8.8164,1.7633,1.1726,2.105,0.614033,0.809599,1.0,79.3,91.7,73.8,17570.01,16.65
4,3,pc,1174,5,0.0005,8.3283,1.6653,1.1767,1.9624,0.378395,0.890971,1.0,79.3,91.6,73.8,17567.88,16.65
4,4,pc,833,5,0.0005,6.588,1.3168,1.1912,1.389,0.649461,0.761104,1.0,79.3,91.6,73.8,17568.07,16.65
4,6,pc,1386,5,0.0005,9.1112,1.8222,1.0972,2.2168,0.507594,0.854257,1.0,79.3,92.5,73.8,17569.82,16.65
4,0,pc,486,5,0.0005,3.929,0.7857,0.7619,0.8162,0.465609,0.882716,1.0,79.3,91.6,73.8,17588.8,16.65
4,2,pc,959,5,0.0005,7.2646,1.4528,1.2639,1.5854,0.77373,0.747654,1.0,79.3,91.6,73.8,17571.77,16.65
5,0,pc,486,5,0.0005,4.5614,0.9113,0.8305,1.0041,0.417039,0.884774,1.0,79.3,92.9,68.0,16198.2,16.65
5,2,pc,959,5,0.0005,8.5358,1.7066,1.4117,1.8999,0.723172,0.757039,1.0,79.3,93.1,68.7,16354.62,16.65
5,9,pc,1216,5,0.0005,9.4055,1.8807,1.2936,2.272,0.480524,0.847039,1.0,79.3,92.8,68.5,16313.7,16.65
5,6,pc,1386,5,0.0005,10.4631,2.0926,1.043,2.7311,0.475484,0.864358,1.0,79.3,93.1,68.3,16265.93,16.65
5,1,pc,1726,5,0.0005,11.4252,2.2848,1.0638,3.2013,0.561435,0.820394,1.0,79.3,93.1,65.7,15654.02,16.65
5,5,pc,2075,5,0.0005,12.2182,2.4429,0.9711,3.9192,0.431333,0.881928,1.0,79.3,92.9,65.5,15591.47,16.65
5,4,pc,833,5,0.0005,7.7885,1.5573,1.4233,1.8029,0.623875,0.781513,1.0,79.3,93.1,68.7,16367.51,16.65
5,3,pc,1174,5,0.0005,9.7052,1.941,1.1989,2.4254,0.346316,0.898637,1.0,79.3,93.1,68.5,16312.14,16.65
5,7,pc,833,5,0.0005,7.7865,1.5573,1.5251,1.6197,0.600757,0.843938,1.0,79.3,93.1,68.7,16367.51,16.65
5,8,pc,1271,5,0.0005,10.026,2.0052,1.1449,2.555,0.563415,0.833989,1.0,79.3,93.0,68.5,16311.71,16.65
6,9,pc,1216,5,0.0005,9.5558,1.9111,1.3257,2.3655,0.43879,0.869243,1.0,79.3,92.4,61.0,14524.12,16.65
6,1,pc,1726,5,0.0005,11.1243,2.2249,1.0662,2.9677,0.537419,0.82445,1.0,79.3,92.2,61.0,14530.76,16.65
6,6,pc,1386,5,0.0005,10.137,2.0273,1.2155,2.4893,0.435537,0.880231,1.0,79.3,92.2,61.0,14526.05,16.65
6,5,pc,2075,5,0.0005,11.9917,2.3982,0.9458,3.7659,0.414096,0.886265,1.0,79.3,91.8,61.0,14539.8,16.65
6,4,pc,833,5,0.0005,7.3634,1.4727,1.3891,1.6136,0.589806,0.786315,1.0,79.3,92.1,61.0,14520.66,16.65
6,0,pc,486,5,0.0005,4.4861,0.8969,0.8063,0.948,0.402586,0.886831,1.0,79.3,92.2,60.9,14506.45,16.65
6,8,pc,1271,5,0.0005,9.8306,1.9656,1.3626,2.4233,0.537668,0.842644,1.0,79.3,92.2,61.0,14526.2,16.65
6,7,pc,833,5,0.0005,7.3006,1.46,1.3384,1.5728,0.57056,0.859544,1.0,79.3,92.1,61.0,14522.59,16.65
6,3,pc,1174,5,0.0005,9.3978,1.8793,1.4009,2.3201,0.324363,0.9046,1.0,79.3,92.2,61.0,14540.57,16.65
6,2,pc,959,5,0.0005,8.173,1.6342,1.3639,1.8236,0.68845,0.776851,1.0,79.3,92.1,61.0,14525.14,16.65
7,6,pc,1386,5,0.00025,9.9962,1.9992,1.0914,2.5838,0.41699,0.882395,1.0,79.3,91.4,61.5,14654.08,16.65
7,5,pc,2075,5,0.00025,11.8319,2.3655,1.0585,3.4759,0.390145,0.89253,1.0,79.3,91.8,61.5,14657.5,16.65
7,4,pc,833,5,0.00025,7.4079,1.4816,1.2909,1.5776,0.582652,0.785114,1.0,79.3,91.5,61.6,14669.29,16.65
7,1,pc,1726,5,0.00025,11.0271,2.2051,1.0341,3.0636,0.524021,0.82445,1.0,79.3,91.5,61.5,14654.61,16.65
7,8,pc,1271,5,0.00025,9.7005,1.94,1.1648,2.5118,0.495563,0.853659,1.0,79.3,91.4,61.5,14652.93,16.65
7,7,pc,833,5,0.00025,7.421,1.4832,1.346,1.7382,0.52403,0.87395,1.0,79.3,91.6,61.6,14669.48,16.65
7,3,pc,1174,5,0.00025,8.8352,1.767,1.4451,1.9263,0.305263,0.908859,1.0,79.3,91.2,61.5,14657.16,16.65
7,0,pc,486,5,0.00025,4.3923,0.8785,0.8068,0.9466,0.364805,0.899177,1.0,79.3,91.5,61.1,14553.0,16.65
7,9,pc,1216,5,0.00025,9.4419,1.8884,1.2454,2.2242,0.424966,0.863487,1.0,79.3,91.5,61.5,14658.69,16.65
7,2,pc,959,5,0.00025,8.2865,1.6569,1.443,1.842,0.65236,0.789364,1.0,79.3,91.6,61.5,14655.23,16.65
8,2,pc,959,5,0.00025,8.0043,1.6009,1.2519,1.8186,0.64031,0.792492,1.0,79.3,92.6,61.6,14664.02,16.65
8,3,pc,1174,5,0.00025,9.1723,1.8341,1.3301,2.1123,0.297648,0.908859,1.0,79.3,92.9,61.6,14664.72,16.65
8,7,pc,833,5,0.00025,6.774,1.3544,1.2618,1.4824,0.514809,0.870348,1.0,79.3,92.3,61.5,14660.9,16.65
8,9,pc,1216,5,0.00025,9.385,1.8766,1.2833,2.2078,0.426324,0.871711,1.0,79.3,92.7,61.6,14666.61,16.65
8,4,pc,833,5,0.00025,7.2601,1.452,1.2819,1.6567,0.574166,0.789916,1.0,79.3,92.6,61.6,14662.93,16.65
8,0,pc,486,5,0.00025,4.5381,0.9061,0.8503,0.986,0.370124,0.901235,1.0,79.3,92.8,61.5,14659.19,16.65
8,6,pc,1386,5,0.00025,10.0281,2.0055,1.0973,2.5133,0.390462,0.886724,1.0,79.3,92.7,61.6,14676.97,16.65
8,5,pc,2075,5,0.00025,11.845,2.3689,1.0258,3.5809,0.371903,0.898313,1.0,79.3,92.7,61.6,14682.27,16.65
8,1,pc,1726,5,0.00025,11.0706,2.2141,1.0567,3.0943,0.500917,0.837196,1.0,79.3,92.8,61.6,14681.13,16.65
8,8,pc,1271,5,0.00025,9.5396,1.907,1.2914,2.241,0.499928,0.856019,1.0,79.3,92.6,61.6,14667.16,16.65
9,7,pc,833,5,0.00025,7.2034,1.4407,1.3978,1.5236,0.503404,0.879952,1.0,79.3,91.9,61.1,14557.71,16.65
9,0,pc,486,5,0.00025,4.2018,0.84,0.7785,0.8935,0.345541,0.90535,1.0,79.3,91.5,61.1,14564.93,16.65
9,4,pc,833,5,0.00025,7.2676,1.4532,1.3965,1.5241,0.557122,0.794718,1.0,79.3,91.7,61.1,14558.1,16.65
9,5,pc,2075,5,0.00025,11.6802,2.3356,0.9692,3.6393,0.364676,0.896867,1.0,79.3,91.3,61.7,14687.18,16.65
9,3,pc,1174,5,0.00025,9.0468,1.8093,1.197,2.0746,0.280763,0.917376,1.0,79.3,91.6,61.3,14592.58,16.65
9,2,pc,959,5,0.00025,7.8497,1.5699,1.3873,1.6899,0.615422,0.805005,1.0,79.3,91.6,61.1,14558.1,16.65
9,6,pc,1386,5,0.00025,9.9051,1.9804,1.0668,2.4848,0.389111,0.888167,1.0,79.3,91.6,61.5,14646.23,16.65
9,8,pc,1271,5,0.00025,9.4181,1.8836,1.1646,2.3383,0.490924,0.849725,1.0,79.3,91.6,61.5,14642.82,16.65
9,9,pc,1216,5,0.00025,8.7159,1.7432,1.3915,1.9214,0.4166,0.878289,1.0,79.3,91.2,61.2,14589.11,16.65
9,1,pc,1726,5,0.00025,10.8592,2.1718,1.0949,2.9345,0.48147,0.843569,1.0,79.3,91.5,61.7,14701.97,16.65
10,1,pc,1726,5,0.000125,10.9133,2.1827,1.0336,3.0176,0.487663,0.841831,1.0,79.3,91.2,61.6,14677.08,16.65
10,3,pc,1174,5,0.000125,9.0837,1.8165,1.2925,2.122,0.284123,0.921635,1.0,79.3,91.2,61.7,14687.19,16.65
10,0,pc,486,5,0.000125,4.3897,0.877,0.8189,0.9165,0.337208,0.911523,1.0,79.3,91.3,61.6,14670.8,16.65
10,9,pc,1216,5,0.000125,9.3508,1.87,1.3115,2.1771,0.396054,0.876645,1.0,79.3,91.6,61.6,14681.96,16.65
10,6,pc,1386,5,0.000125,10.03,2.0058,1.1553,2.5149,0.375869,0.896104,1.0,79.3,91.3,61.6,14676.02,16.65
10,5,pc,2075,5,0.000125,11.7589,2.3518,0.9364,3.8078,0.354875,0.900723,1.0,79.3,91.3,61.6,14677.7,16.65
10,8,pc,1271,5,0.000125,9.5997,1.9194,1.2879,2.3178,0.47102,0.862313,1.0,79.3,91.3,61.6,14685.07,16.65
10,2,pc,959,5,0.000125,7.9343,1.5862,1.2805,1.7136,0.651348,0.797706,1.0,79.3,91.3,61.6,14680.76,16.65
10,7,pc,833,5,0.000125,7.2567,1.4513,1.3441,1.527,0.513951,0.876351,1.0,79.3,91.2,61.6,14679.82,16.65
10,4,pc,833,5,0.000125,6.5973,1.3195,1.229,1.3899,0.555354,0.806723,1.0,79.3,90.7,61.6,14677.85,16.65
11,9,pc,1216,5,0.000125,9.419,1.8833,1.1682,2.2078,0.397096,0.893092,1.0,79.3,91.6,61.2,14584.72,16.65
11,8,pc,1271,5,0.000125,9.6613,1.9318,1.1711,2.3701,0.452817,0.880409,1.0,79.3,91.6,61.3,14609.99,16.65
11,7,pc,833,5,0.000125,7.4911,1.4981,1.3948,1.682,0.506729,0.877551,1.0,79.3,91.7,61.1,14556.4,16.65
11,2,pc,959,5,0.000125,8.1075,1.6215,1.3981,1.739,0.635924,0.793535,1.0,79.3,91.7,61.1,14561.69,16.65
11,5,pc,2075,5,0.000125,11.9515,2.3903,1.0125,3.7245,0.348703,0.905542,1.0,79.3,91.9,61.7,14691.12,16.65
11,6,pc,1386,5,0.000125,10.1287,2.0255,1.1362,2.5718,0.385303,0.886003,1.0,79.3,91.6,61.5,14641.56,16.65
11,0,pc,486,5,0.000125,4.4354,0.8867,0.8342,0.9474,0.341104,0.909465,1.0,79.3,91.6,61.1,14554.11,16.65
11,3,pc,1174,5,0.000125,8.8545,1.7709,1.3707,2.0225,0.278918,0.926746,1.0,79.3,91.4,61.2,14574.72,16.65
11,4,pc,833,5,0.000125,7.393,1.4785,1.3309,1.6255,0.546861,0.792317,1.0,79.3,92.0,61.1,14556.78,16.65
11,1,pc,1726,5,0.000125,11.21,2.242,1.0935,3.2292,0.476641,0.844148,1.0,79.3,91.7,61.7,14692.36,16.65
12,8,pc,1271,5,0.000125,9.9058,1.9802,1.2559,2.498,0.452366,0.869394,1.0,79.3,91.6,61.9,14746.48,16.65
12,3,pc,1174,5,0.000125,9.3522,1.8702,1.2482,2.1952,0.277608,0.921635,1.0,79.3,91.7,61.9,14737.62,16.65
12,0,pc,486,5,0.000125,4.4189,0.8838,0.8564,0.9022,0.325155,0.911523,1.0,79.3,91.3,61.7,14688.95,16.65
12,9,pc,1216,5,0.000125,9.5644,1.9125,1.3165,2.1789,0.409616,0.875822,1.0,79.3,91.5,61.9,14736.88,16.65
12,5,pc,2075,5,0.000125,12.0788,2.4158,1.0507,3.7564,0.338038,0.90506,1.0,79.3,91.4,62.0,14758.89,16.65
12,4,pc,833,5,0.000125,7.5775,1.5153,1.379,1.6134,0.528089,0.806723,1.0,79.3,91.5,61.9,14748.76,16.65
12,1,pc,1726,5,0.000125,11.203,2.2406,1.0256,3.1501,0.465759,0.853998,1.0,79.3,91.4,61.9,14750.07,16.65
12,7,pc,833,5,0.000125,7.4357,1.4866,1.4006,1.5516,0.499533,0.883553,1.0,79.3,91.4,61.9,14748.55,16.65
12,6,pc,1386,5,0.000125,10.186,2.0368,1.1674,2.5165,0.368274,0.898268,1.0,79.3,91.5,61.9,14745.39,16.65
12,2,pc,959,5,0.000125,8.1186,1.6237,1.4509,1.7259,0.621372,0.798749,1.0,79.3,91.4,61.9,14741.79,16.65
13,4,pc,833,5,6.25e-05,6.8159,1.3632,1.1985,1.6094,0.539005,0.794718,1.0,79.3,91.6,61.3,14597.97,16.65
13,7,pc,833,5,6.25e-05,6.8153,1.3626,1.2275,1.4697,0.520075,0.863145,1.0,79.3,91.7,61.3,14597.04,16.65
13,9,pc,1216,5,6.25e-05,8.8847,1.7765,1.2697,2.1752,0.396688,0.884868,1.0,79.3,91.7,61.2,14584.74,16.65
13,8,pc,1271,5,6.25e-05,9.119,1.8238,1.2686,2.3022,0.45305,0.86074,1.0,79.3,91.6,61.2,14589.38,16.65
13,5,pc,2075,5,6.25e-05,11.1297,2.2259,0.9099,3.6099,0.341944,0.906024,1.0,79.3,91.4,61.2,14588.87,16.65
13,0,pc,486,5,6.25e-05,4.2432,0.8481,0.8114,0.913,0.342147,0.91358,1.0,79.3,92.0,61.2,14583.19,16.65
13,2,pc,959,5,6.25e-05,7.5482,1.5092,1.2262,1.8149,0.628954,0.823775,1.0,79.3,91.8,61.2,14585.6,16.65
13,6,pc,1386,5,6.25e-05,9.4647,1.8925,1.1292,2.5369,0.371269,0.894661,1.0,79.3,91.7,61.2,14589.21,16.65
13,1,pc,1726,5,6.25e-05,10.3197,2.0635,0.9807,3.0006,0.48361,0.847625,1.0,79.3,91.6,61.3,14596.4,16.65
13,3,pc,1174,5,6.25e-05,8.6955,1.7391,1.2353,2.1653,0.278825,0.929302,1.0,79.3,91.7,61.2,14586.61,16.65
14,0,pc,486,5,6.25e-05,4.0542,0.8108,0.7758,0.8428,0.337912,0.911523,1.0,79.3,90.7,61.2,14588.96,16.65
14,8,pc,1271,5,6.25e-05,8.7077,1.7414,1.2335,2.116,0.44428,0.868607,1.0,79.3,90.5,61.3,14593.82,16.65
14,3,pc,1174,5,6.25e-05,8.4408,1.6881,1.2093,1.9943,0.279192,0.92845,1.0,79.3,90.6,61.2,14582.84,16.65
14,7,pc,833,5,6.25e-05,6.6036,1.3207,1.2247,1.4022,0.544196,0.863145,1.0,79.3,90.7,61.2,14581.88,16.65
14,4,pc,833,5,6.25e-05,6.4538,1.2904,1.1419,1.375,0.564558,0.793517,1.0,79.3,90.5,61.3,14596.44,16.65
14,5,pc,2075,5,6.25e-05,10.8155,2.163,0.9061,3.3625,0.350404,0.902651,1.0,79.3,90.7,61.3,14598.93,16.65
14,9,pc,1216,5,6.25e-05,8.5737,1.7146,1.2097,1.9739,0.407521,0.875,1.0,79.3,90.5,61.2,14588.36,16.65
14,6,pc,1386,5,6.25e-05,9.0971,1.8194,1.1194,2.2755,0.364427,0.896104,1.0,79.3,90.5,61.3,14592.32,16.65
14,2,pc,959,5,6.25e-05,7.2342,1.4468,1.2275,1.5606,0.646982,0.807091,1.0,79.3,90.6,61.2,14582.54,16.65
14,1,pc,1726,5,6.25e-05,10.0692,2.0138,0.9694,2.8062,0.468319,0.848204,1.0,79.3,90.6,61.3,14600.14,16.65
15,4,pc,833,5,6.25e-05,5.1332,1.0255,0.9163,1.1371,0.558015,0.788715,1.0,79.3,89.4,61.3,14593.57,16.65
15,5,pc,2075,5,6.25e-05,10.4225,2.0844,1.2524,2.5721,0.337207,0.906506,1.0,79.3,92.2,61.4,14635.61,16.65
15,9,pc,1216,5,6.25e-05,8.8974,1.7789,1.1638,2.2157,0.387477,0.885691,1.0,79.3,90.8,61.3,14600.49,16.65
15,7,pc,833,5,6.25e-05,6.7341,1.3467,1.1491,1.468,0.545809,0.866747,1.0,79.3,90.6,61.3,14592.74,16.65
15,1,pc,1726,5,6.25e-05,10.418,2.0836,1.0128,3.1014,0.468872,0.853418,1.0,79.3,90.8,61.4,14635.61,16.65
15,8,pc,1271,5,6.25e-05,9.0807,1.8161,1.2001,2.2462,0.445472,0.870181,1.0,79.3,90.8,61.3,14604.62,16.65
15,6,pc,1386,5,6.25e-05,9.5106,1.9011,1.1277,2.4354,0.354552,0.90404,1.0,79.3,90.8,61.3,14612.08,16.65
15,3,pc,1174,5,6.25e-05,8.6065,1.7212,1.1262,2.104,0.286478,0.924191,1.0,79.3,90.6,61.3,14604.58,16.65
15,0,pc,486,5,6.25e-05,4.3798,0.8751,0.8049,0.9121,0.345895,0.90535,1.0,79.3,90.7,61.3,14594.11,16.65
15,2,pc,959,5,6.25e-05,7.5918,1.5184,1.1835,1.7257,0.640745,0.808133,1.0,79.3,90.8,61.3,14606.9,16.65
16,6,pc,1386,5,3.125e-05,9.5165,1.9033,1.0876,2.5128,0.360507,0.89899,1.0,79.3,93.8,61.4,14633.53,16.65
16,8,pc,1271,5,3.125e-05,9.1452,1.8289,1.1609,2.2647,0.451201,0.869394,1.0,79.3,93.8,61.5,14639.69,16.65
16,5,pc,2075,5,3.125e-05,10.4242,2.0844,1.199,2.6133,0.343591,0.906988,1.0,79.3,93.8,61.4,14634.5,16.65
16,3,pc,1174,5,3.125e-05,8.7699,1.7539,1.2668,2.0633,0.303714,0.922487,1.0,79.3,93.9,61.4,14634.43,16.65
16,1,pc,1726,5,3.125e-05,10.2601,2.0517,1.0365,2.8315,0.472714,0.84241,1.0,79.3,93.7,61.4,14630.61,16.65
16,7,pc,833,5,3.125e-05,6.9205,1.3841,1.2608,1.5205,0.582817,0.829532,1.0,79.3,93.9,61.4,14633.67,16.65
16,0,pc,486,5,3.125e-05,4.3002,0.8596,0.8174,0.9024,0.358908,0.91358,1.0,79.3,93.8,61.5,14654.23,16.65
16,9,pc,1216,5,3.125e-05,8.9203,1.784,1.2073,2.1642,0.408373,0.883224,1.0,79.3,93.8,61.4,14635.33,16.65
16,2,pc,959,5,3.125e-05,7.6517,1.5302,1.2767,1.7273,0.668484,0.79562,1.0,79.3,93.8,61.4,14634.25,16.65
16,4,pc,833,5,3.125e-05,7.0125,1.4019,1.275,1.505,0.570991,0.80072,1.0,79.3,94.6,61.4,14635.52,16.65
17,7,pc,833,5,3.125e-05,6.3969,1.2794,1.1452,1.3817,0.601379,0.827131,1.0,79.3,92.1,61.4,14625.47,16.65
17,1,pc,1726,5,3.125e-05,9.9607,1.9917,0.9856,2.8163,0.4811,0.844728,1.0,79.3,92.2,61.4,14631.12,16.65
17,4,pc,833,5,3.125e-05,6.5484,1.3095,1.2313,1.3752,0.551421,0.795918,1.0,79.3,92.2,61.4,14629.43,16.65
17,3,pc,1174,5,3.125e-05,8.2828,1.6566,1.205,1.9515,0.297871,0.924191,1.0,79.3,92.1,61.4,14629.56,16.65
17,5,pc,2075,5,3.125e-05,10.7368,2.1474,0.9378,3.3855,0.343561,0.905542,1.0,79.3,90.6,61.4,14626.29,16.65
17,0,pc,486,5,3.125e-05,3.8918,0.7782,0.7503,0.806,0.37149,0.90535,1.0,79.3,92.2,61.4,14626.55,16.65
17,2,pc,959,5,3.125e-05,7.2067,1.4409,1.2507,1.5617,0.660008,0.818561,1.0,79.3,92.2,61.4,14626.39,16.65
17,9,pc,1216,5,3.125e-05,8.504,1.7004,1.1659,1.992,0.413369,0.881579,1.0,79.3,92.2,61.4,14627.56,16.65
17,6,pc,1386,5,3.125e-05,9.0855,1.817,1.0484,2.2304,0.365598,0.900433,1.0,79.3,92.2,61.4,14628.98,16.65
17,8,pc,1271,5,3.125e-05,8.6792,1.7358,1.1604,2.0615,0.444759,0.874115,1.0,79.3,92.1,61.4,14628.0,16.65
18,8,pc,1271,5,3.125e-05,8.771,1.7542,1.2615,2.1001,0.451599,0.876475,1.0,79.3,90.6,61.4,14623.67,16.65
18,3,pc,1174,5,3.125e-05,8.2776,1.655,1.1871,1.9336,0.289398,0.925043,1.0,79.3,90.5,61.4,14627.04,16.65
18,5,pc,2075,5,3.125e-05,10.7994,2.1599,0.9006,3.3661,0.341934,0.906988,1.0,79.3,90.6,61.4,14627.61,16.65
18,4,pc,833,5,3.125e-05,6.5087,1.3008,1.2172,1.4121,0.550433,0.798319,1.0,79.3,90.5,61.4,14629.59,16.65
18,9,pc,1216,5,3.125e-05,8.4994,1.6999,1.1852,2.0139,0.417054,0.885691,1.0,79.3,90.6,61.4,14626.04,16.65
18,7,pc,833,5,3.125e-05,6.4854,1.2967,1.2145,1.3648,0.606163,0.846339,1.0,79.3,90.6,61.4,14629.43,16.65
18,0,pc,486,5,3.125e-05,3.9398,0.7877,0.7637,0.8095,0.3626,0.911523,1.0,79.3,90.6,61.4,14629.44,16.65
18,6,pc,1386,5,3.125e-05,9.0246,1.8048,1.155,2.2112,0.366172,0.897547,1.0,79.3,90.5,61.4,14624.24,16.65
18,2,pc,959,5,3.125e-05,7.1525,1.4305,1.2381,1.5177,0.65866,0.799791,1.0,79.3,90.5,61.5,14651.68,16.65
18,1,pc,1726,5,3.125e-05,10.0254,2.0051,0.9721,2.784,0.477756,0.841251,1.0,79.3,90.6,61.4,14622.67,16.65
19,8,pc,1271,5,1.5625e-05,8.765,1.7525,1.1691,2.1531,0.444447,0.877262,1.0,79.3,90.4,61.4,14627.99,16.65
19,6,pc,1386,5,1.5625e-05,9.2129,1.8426,1.1052,2.3791,0.359578,0.906926,1.0,79.3,90.5,61.4,14619.32,16.65
19,4,pc,833,5,1.5625e-05,6.653,1.3302,1.141,1.444,0.601879,0.777911,1.0,79.3,90.5,61.4,14634.7,16.65
19,1,pc,1726,5,1.5625e-05,10.1327,2.0261,0.987,2.957,0.487654,0.840672,1.0,79.3,90.5,61.4,14635.22,16.65
19,5,pc,2075,5,1.5625e-05,10.8657,2.1729,0.9237,3.4792,0.346034,0.908434,1.0,79.3,90.6,61.4,14635.97,16.65
19,7,pc,833,5,1.5625e-05,6.7366,1.3469,1.1469,1.4209,0.636109,0.813926,1.0,79.3,90.6,61.4,14628.26,16.65
19,3,pc,1174,5,1.5625e-05,8.423,1.6846,1.1994,2.0127,0.316305,0.920784,1.0,79.3,90.5,61.4,14627.92,16.65
19,2,pc,959,5,1.5625e-05,5.3875,1.0773,1.0048,1.1687,0.716383,0.793535,1.0,79.3,88.8,61.4,14628.25,16.65
19,0,pc,486,5,1.5625e-05,4.1613,0.8323,0.7841,0.8603,0.404737,0.890947,1.0,79.3,90.6,61.4,14625.18,16.65
19,9,pc,1216,5,1.5625e-05,8.6223,1.7245,1.2217,2.0533,0.44164,0.877467,1.0,79.3,90.5,61.4,14628.54,16.65
20,2,pc,959,5,1.5625e-05,7.2361,1.4472,1.1665,1.6589,0.700504,0.785193,1.0,79.3,92.0,61.4,14625.01,16.65
20,3,pc,1174,5,1.5625e-05,8.3393,1.6679,1.1633,2.0834,0.323325,0.920784,1.0,79.3,90.7,61.4,14622.44,16.65
20,6,pc,1386,5,1.5625e-05,9.0771,1.8154,1.1316,2.4606,0.371691,0.896825,1.0,79.3,90.7,61.4,14625.27,16.65
20,9,pc,1216,5,1.5625e-05,8.4945,1.6989,1.2228,2.052,0.448318,0.872533,1.0,79.3,90.7,61.4,14623.97,16.65
20,4,pc,833,5,1.5625e-05,5.1357,1.0271,0.8917,1.1326,0.592973,0.782713,1.0,79.3,89.5,61.4,14629.35,16.65
20,5,pc,2075,5,1.5625e-05,10.7997,2.1599,0.9126,3.6029,0.342812,0.90747,1.0,79.3,90.7,61.4,14630.69,16.65
20,8,pc,1271,5,1.5625e-05,8.7166,1.7433,1.1712,2.1857,0.447977,0.884343,1.0,79.3,90.8,61.4,14626.39,16.65
20,1,pc,1726,5,1.5625e-05,10.081,2.0162,0.9738,3.0427,0.49121,0.840093,1.0,79.3,90.7,61.4,14634.39,16.65
20,0,pc,486,5,1.5625e-05,3.1468,0.6294,0.5391,0.7002,0.396631,0.893004,1.0,79.3,89.9,61.4,14632.62,16.65
20,7,pc,833,5,1.5625e-05,6.5159,1.3032,1.1337,1.4503,0.66985,0.786315,1.0,79.3,90.6,61.5,14648.43,16.65
